ovelse,kode,gruppe,yr,n,median,p75,p90
60 m,60m,G13,2012,60,8.805,8.508,8.298
60 m,60m,G13,2013,55,8.94,8.545,8.26
60 m,60m,G13,2014,50,8.745,8.385,7.979
60 m,60m,G13,2015,57,8.99,8.58,8.256
60 m,60m,G13,2016,47,8.8,8.4,8.186
60 m,60m,G13,2017,46,8.745,8.295,8.015
60 m,60m,G13,2018,56,8.9,8.48,8.01
60 m,60m,G13,2019,55,8.66,8.37,8.0
60 m,60m,G13,2020,38,8.555,8.202,7.914
60 m,60m,G13,2021,53,8.78,8.43,8.128
60 m,60m,G13,2022,46,8.925,8.448,8.18
60 m,60m,G13,2023,43,8.85,8.58,8.35
60 m,60m,G13,2024,50,8.645,8.225,7.958
60 m,60m,G13,2025,48,8.75,8.435,8.247
60 m,60m,G14,2012,55,8.36,8.075,7.898
60 m,60m,G14,2013,62,8.33,7.985,7.865
60 m,60m,G14,2014,55,8.37,8.045,7.79
60 m,60m,G14,2015,54,8.435,8.155,7.814
60 m,60m,G14,2016,49,8.31,7.92,7.808
60 m,60m,G14,2017,51,8.29,7.975,7.82
60 m,60m,G14,2018,53,8.44,8.19,7.832
60 m,60m,G14,2019,49,8.27,7.97,7.658
60 m,60m,G14,2020,38,8.23,7.878,7.742
60 m,60m,G14,2021,55,8.08,7.86,7.636
60 m,60m,G14,2022,44,8.395,8.108,7.791
60 m,60m,G14,2023,43,8.44,7.975,7.78
60 m,60m,G14,2024,51,8.36,8.02,7.75
60 m,60m,G14,2025,39,8.39,7.93,7.7
60 m,60m,J13,2012,83,9.18,8.92,8.612
60 m,60m,J13,2013,74,9.17,8.95,8.743
60 m,60m,J13,2014,68,9.105,8.732,8.46
60 m,60m,J13,2015,73,9.22,8.84,8.64
60 m,60m,J13,2016,64,9.145,8.858,8.683
60 m,60m,J13,2017,75,9.09,8.81,8.548
60 m,60m,J13,2018,77,9.23,8.83,8.636
60 m,60m,J13,2019,71,9.12,8.81,8.57
60 m,60m,J13,2020,50,9.115,8.565,8.397
60 m,60m,J13,2021,69,9.12,8.92,8.734
60 m,60m,J13,2022,55,9.14,8.905,8.674
60 m,60m,J13,2023,42,9.185,8.9,8.622
60 m,60m,J13,2024,71,9.24,8.965,8.53
60 m,60m,J13,2025,66,9.03,8.86,8.505
60 m,60m,J14,2012,60,8.78,8.608,8.435
60 m,60m,J14,2013,74,8.77,8.51,8.246
60 m,60m,J14,2014,53,8.78,8.58,8.45
60 m,60m,J14,2015,59,8.95,8.665,8.378
60 m,60m,J14,2016,72,8.9,8.598,8.433
60 m,60m,J14,2017,60,8.835,8.475,8.303
60 m,60m,J14,2018,68,8.975,8.648,8.487
60 m,60m,J14,2019,63,8.91,8.645,8.342
60 m,60m,J14,2020,49,8.75,8.51,8.21
60 m,60m,J14,2021,46,8.9,8.562,8.285
60 m,60m,J14,2022,58,8.975,8.712,8.577
60 m,60m,J14,2023,56,8.975,8.635,8.39
60 m,60m,J14,2024,44,8.98,8.695,8.306
60 m,60m,J14,2025,64,9.1,8.732,8.386
200 m,200m,G13,2012,60,28.765,27.92,27.012
200 m,200m,G13,2013,38,29.15,28.025,27.105
200 m,200m,G13,2014,40,28.27,27.035,26.13
200 m,200m,G13,2015,41,29.03,27.84,26.75
200 m,200m,G13,2016,49,28.72,27.41,26.872
200 m,200m,G13,2017,35,28.12,27.075,26.454
200 m,200m,G13,2018,48,28.35,26.878,26.343
200 m,200m,G13,2019,54,28.79,27.892,26.659
200 m,200m,G13,2020,36,27.555,26.285,25.365
200 m,200m,G13,2021,44,28.44,27.618,26.742
200 m,200m,G13,2022,38,28.355,27.08,26.297
200 m,200m,G13,2023,36,29.25,27.612,26.905
200 m,200m,G13,2024,47,28.7,26.555,26.072
200 m,200m,G13,2025,43,28.96,27.66,26.362
200 m,200m,G14,2012,53,27.07,26.39,25.392
200 m,200m,G14,2013,42,26.975,26.122,25.628
200 m,200m,G14,2014,42,27.065,25.91,25.39
200 m,200m,G14,2015,49,26.95,25.86,25.104
200 m,200m,G14,2016,46,26.475,24.96,24.34
200 m,200m,G14,2017,53,26.95,25.61,25.078
200 m,200m,G14,2018,46,26.7,25.755,25.385
200 m,200m,G14,2019,50,26.995,26.242,25.394
200 m,200m,G14,2020,36,26.185,25.435,24.93
200 m,200m,G14,2021,55,26.44,25.55,24.67
200 m,200m,G14,2022,45,26.98,25.99,25.028
200 m,200m,G14,2023,41,26.38,25.72,24.75
200 m,200m,G14,2024,46,27.1,26.307,25.24
200 m,200m,G14,2025,40,26.955,25.505,24.694
200 m,200m,J13,2012,58,30.01,28.832,28.247
200 m,200m,J13,2013,62,30.395,29.598,28.909
200 m,200m,J13,2014,50,29.61,28.693,27.911
200 m,200m,J13,2015,66,30.365,29.08,28.56
200 m,200m,J13,2016,49,29.5,28.51,27.59
200 m,200m,J13,2017,48,29.495,28.838,28.083
200 m,200m,J13,2018,54,30.26,28.83,28.342
200 m,200m,J13,2019,64,30.005,29.438,28.766
200 m,200m,J13,2020,42,30.03,28.645,28.005
200 m,200m,J13,2021,53,30.44,29.18,28.61
200 m,200m,J13,2022,51,29.95,29.105,28.47
200 m,200m,J13,2023,43,30.35,28.925,27.948
200 m,200m,J13,2024,56,30.595,29.59,28.2
200 m,200m,J13,2025,59,30.08,29.26,28.086
200 m,200m,J14,2012,59,28.83,28.365,27.746
200 m,200m,J14,2013,49,28.97,28.12,26.948
200 m,200m,J14,2014,45,29.1,28.4,27.786
200 m,200m,J14,2015,50,29.15,28.125,27.669
200 m,200m,J14,2016,51,29.34,28.165,27.66
200 m,200m,J14,2017,57,29.32,27.72,27.054
200 m,200m,J14,2018,55,29.51,28.525,27.498
200 m,200m,J14,2019,57,30.01,28.59,28.212
200 m,200m,J14,2020,38,29.05,28.508,27.418
200 m,200m,J14,2021,35,28.75,27.83,27.106
200 m,200m,J14,2022,51,29.8,28.6,28.21
200 m,200m,J14,2023,51,29.32,28.18,27.54
200 m,200m,J14,2024,46,29.605,28.715,27.405
200 m,200m,J14,2025,53,30.58,28.83,27.414
600 m,600m,G13,2012,46,106.55,102.485,99.19
600 m,600m,G13,2013,48,108.49,105.023,99.029
600 m,600m,G13,2014,42,103.87,99.362,95.67
600 m,600m,G13,2015,37,106.95,102.35,99.204
600 m,600m,G13,2016,45,107.42,101.15,98.46
600 m,600m,G13,2017,40,104.375,101.2,97.26
600 m,600m,G13,2018,51,105.19,102.205,98.46
600 m,600m,G13,2019,49,106.17,102.21,98.828
600 m,600m,G13,2020,38,102.205,98.97,96.191
600 m,600m,G13,2021,55,104.37,99.47,95.928
600 m,600m,G13,2022,42,105.735,101.523,99.502
600 m,600m,G13,2023,34,106.955,102.392,96.816
600 m,600m,G13,2024,36,104.52,100.307,96.8
600 m,600m,G13,2025,29,107.78,102.42,97.048
600 m,600m,G14,2012,39,100.46,96.905,93.54
600 m,600m,G14,2013,56,99.54,95.892,93.63
600 m,600m,G14,2014,49,99.96,96.28,94.726
600 m,600m,G14,2015,41,98.1,95.26,91.7
600 m,600m,G14,2016,43,99.24,95.76,93.714
600 m,600m,G14,2017,45,98.88,96.27,94.046
600 m,600m,G14,2018,45,99.94,97.39,95.128
600 m,600m,G14,2019,57,99.85,97.11,94.078
600 m,600m,G14,2020,39,98.3,95.265,92.98
600 m,600m,G14,2021,52,97.925,93.705,91.685
600 m,600m,G14,2022,41,100.61,92.72,90.8
600 m,600m,G14,2023,42,98.72,96.24,94.791
600 m,600m,G14,2024,33,99.55,95.62,91.22
600 m,600m,G14,2025,39,101.12,94.075,90.926
600 m,600m,J13,2012,52,115.355,109.998,107.569
600 m,600m,J13,2013,41,113.48,111.02,106.97
600 m,600m,J13,2014,39,109.98,106.63,103.412
600 m,600m,J13,2015,47,111.64,107.34,104.96
600 m,600m,J13,2016,50,112.13,107.345,104.179
600 m,600m,J13,2017,41,109.86,106.08,103.27
600 m,600m,J13,2018,56,114.74,110.242,108.81
600 m,600m,J13,2019,43,112.28,107.075,104.054
600 m,600m,J13,2020,36,109.95,105.625,102.285
600 m,600m,J13,2021,31,109.9,106.935,105.03
600 m,600m,J13,2022,38,114.53,109.988,104.747
600 m,600m,J13,2023,37,114.99,110.48,105.264
600 m,600m,J13,2024,37,113.76,111.18,105.852
600 m,600m,J13,2025,44,118.185,110.665,103.267
600 m,600m,J14,2012,44,110.575,106.7,103.036
600 m,600m,J14,2013,41,110.23,107.7,104.31
600 m,600m,J14,2014,37,107.85,104.03,102.576
600 m,600m,J14,2015,35,107.01,104.11,101.464
600 m,600m,J14,2016,39,112.68,106.2,100.596
600 m,600m,J14,2017,40,106.945,102.212,100.122
600 m,600m,J14,2018,50,107.695,104.38,101.265
600 m,600m,J14,2019,30,108.39,104.65,101.741
600 m,600m,J14,2020,31,107.33,103.2,100.83
600 m,600m,J14,2021,36,107.29,101.94,97.87
600 m,600m,J14,2022,28,108.835,105.915,103.953
600 m,600m,J14,2023,34,109.89,105.212,102.687
600 m,600m,J14,2024,30,112.245,107.875,102.371
600 m,600m,J14,2025,42,112.04,105.292,101.269
1500 m,1500m,G13,2012,28,299.12,289.818,285.929
1500 m,1500m,G13,2013,27,316.96,301.185,297.054
1500 m,1500m,G13,2014,30,297.985,287.792,280.957
1500 m,1500m,G13,2015,31,305.8,292.59,287.56
1500 m,1500m,G13,2016,35,306.37,296.92,291.432
1500 m,1500m,G13,2017,31,301.37,290.3,284.6
1500 m,1500m,G13,2018,33,300.33,285.27,269.29
1500 m,1500m,G13,2019,36,311.8,297.14,284.055
1500 m,1500m,G13,2020,29,298.24,288.61,278.572
1500 m,1500m,G13,2021,37,296.74,286.35,281.202
1500 m,1500m,G13,2022,34,309.795,291.848,283.588
1500 m,1500m,G13,2023,30,309.8,290.772,287.6
1500 m,1500m,G13,2024,35,303.84,293.785,273.196
1500 m,1500m,G13,2025,19,319.57,282.28,
1500 m,1500m,G14,2012,31,294.57,284.675,275.24
1500 m,1500m,G14,2013,36,285.105,277.892,270.9
1500 m,1500m,G14,2014,37,296.05,280.88,272.668
1500 m,1500m,G14,2015,31,287.17,280.905,270.41
1500 m,1500m,G14,2016,33,292.43,279.68,268.816
1500 m,1500m,G14,2017,36,288.44,277.5,264.18
1500 m,1500m,G14,2018,37,291.37,281.51,275.426
1500 m,1500m,G14,2019,34,284.58,277.6,270.097
1500 m,1500m,G14,2020,31,286.55,278.7,273.49
1500 m,1500m,G14,2021,38,284.75,271.305,263.043
1500 m,1500m,G14,2022,39,290.9,278.325,262.686
1500 m,1500m,G14,2023,34,283.29,274.18,269.896
1500 m,1500m,G14,2024,29,289.28,283.82,266.142
1500 m,1500m,G14,2025,29,295.51,272.85,267.152
1500 m,1500m,J13,2012,30,331.525,320.118,307.298
1500 m,1500m,J13,2013,19,329.07,320.655,
1500 m,1500m,J13,2014,29,325.7,312.12,309.846
1500 m,1500m,J13,2015,26,328.295,315.77,302.67
1500 m,1500m,J13,2016,31,323.67,307.05,296.88
1500 m,1500m,J13,2017,30,313.415,308.058,304.528
1500 m,1500m,J13,2018,34,333.685,326.178,312.555
1500 m,1500m,J13,2019,33,335.08,324.83,307.488
1500 m,1500m,J13,2020,24,315.04,308.77,301.778
1500 m,1500m,J13,2021,25,326.17,313.33,309.622
1500 m,1500m,J13,2022,31,327.41,317.85,307.9
1500 m,1500m,J13,2023,16,331.265,300.135,
1500 m,1500m,J13,2024,27,319.29,307.71,296.988
1500 m,1500m,J13,2025,31,344.28,316.155,301.23
1500 m,1500m,J14,2012,26,328.67,317.1,296.975
1500 m,1500m,J14,2013,29,322.91,314.3,304.536
1500 m,1500m,J14,2014,28,322.01,309.445,293.769
1500 m,1500m,J14,2015,24,314.085,305.482,301.531
1500 m,1500m,J14,2016,27,325.91,307.94,291.882
1500 m,1500m,J14,2017,28,308.15,299.565,294.094
1500 m,1500m,J14,2018,35,314.68,300.715,287.632
1500 m,1500m,J14,2019,23,321.08,309.765,293.982
1500 m,1500m,J14,2020,25,313.08,296.78,292.32
1500 m,1500m,J14,2021,21,307.73,291.81,287.25
1500 m,1500m,J14,2022,29,328.83,310.49,307.672
1500 m,1500m,J14,2023,30,327.55,313.12,299.18
1500 m,1500m,J14,2024,25,331.94,309.04,295.3
1500 m,1500m,J14,2025,27,319.86,306.14,297.524
Lengde,lengde,G13,2012,0,,,
Lengde,lengde,G13,2013,53,4.19,4.62,4.824
Lengde,lengde,G13,2014,35,4.48,4.695,4.986
Lengde,lengde,G13,2015,55,4.35,4.665,5.12
Lengde,lengde,G13,2016,41,4.38,4.68,5.12
Lengde,lengde,G13,2017,45,4.51,4.83,5.198
Lengde,lengde,G13,2018,54,4.245,4.68,5.164
Lengde,lengde,G13,2019,47,4.37,4.645,4.774
Lengde,lengde,G13,2020,33,4.25,4.68,5.064
Lengde,lengde,G13,2021,47,4.22,4.75,4.95
Lengde,lengde,G13,2022,37,4.42,4.7,5.206
Lengde,lengde,G13,2023,47,4.21,4.515,4.676
Lengde,lengde,G13,2024,40,4.41,4.797,5.086
Lengde,lengde,G13,2025,36,4.305,4.645,4.97
Lengde,lengde,G14,2012,48,4.855,5.118,5.343
Lengde,lengde,G14,2013,45,4.66,4.98,5.248
Lengde,lengde,G14,2014,44,4.735,5.138,5.371
Lengde,lengde,G14,2015,51,4.56,4.85,5.18
Lengde,lengde,G14,2016,47,4.56,4.915,5.32
Lengde,lengde,G14,2017,50,4.6,4.982,5.317
Lengde,lengde,G14,2018,44,4.655,5.01,5.348
Lengde,lengde,G14,2019,40,4.63,4.85,5.215
Lengde,lengde,G14,2020,40,4.56,5.113,5.33
Lengde,lengde,G14,2021,35,4.58,5.145,5.458
Lengde,lengde,G14,2022,38,4.52,4.98,5.5
Lengde,lengde,G14,2023,30,4.81,5.265,5.718
Lengde,lengde,G14,2024,38,4.69,5.265,5.541
Lengde,lengde,G14,2025,44,4.425,4.99,5.364
Lengde,lengde,J13,2012,0,,,
Lengde,lengde,J13,2013,71,4.0,4.285,4.66
Lengde,lengde,J13,2014,61,4.28,4.51,4.74
Lengde,lengde,J13,2015,60,4.245,4.44,4.685
Lengde,lengde,J13,2016,66,4.18,4.522,4.795
Lengde,lengde,J13,2017,62,4.17,4.387,4.616
Lengde,lengde,J13,2018,75,4.13,4.395,4.686
Lengde,lengde,J13,2019,70,4.06,4.33,4.594
Lengde,lengde,J13,2020,52,4.13,4.478,4.717
Lengde,lengde,J13,2021,61,4.02,4.29,4.47
Lengde,lengde,J13,2022,56,4.11,4.352,4.625
Lengde,lengde,J13,2023,49,4.03,4.45,4.644
Lengde,lengde,J13,2024,62,3.945,4.36,4.655
Lengde,lengde,J13,2025,58,3.98,4.35,4.645
Lengde,lengde,J14,2012,63,4.17,4.47,4.83
Lengde,lengde,J14,2013,58,4.185,4.482,4.709
Lengde,lengde,J14,2014,51,4.22,4.49,4.77
Lengde,lengde,J14,2015,55,4.2,4.555,4.726
Lengde,lengde,J14,2016,51,4.26,4.53,4.73
Lengde,lengde,J14,2017,58,4.23,4.478,4.785
Lengde,lengde,J14,2018,63,4.18,4.58,4.786
Lengde,lengde,J14,2019,58,4.25,4.5,4.765
Lengde,lengde,J14,2020,45,4.09,4.29,4.536
Lengde,lengde,J14,2021,45,4.2,4.6,4.832
Lengde,lengde,J14,2022,53,4.13,4.42,4.642
Lengde,lengde,J14,2023,59,4.02,4.3,4.638
Lengde,lengde,J14,2024,44,4.11,4.412,4.799
Lengde,lengde,J14,2025,49,4.05,4.5,4.934
Høyde,hoyde,G13,2012,33,1.41,1.46,1.564
Høyde,hoyde,G13,2013,30,1.41,1.46,1.465
Høyde,hoyde,G13,2014,28,1.36,1.41,1.484
Høyde,hoyde,G13,2015,30,1.385,1.52,1.57
Høyde,hoyde,G13,2016,36,1.31,1.36,1.485
Høyde,hoyde,G13,2017,31,1.36,1.46,1.54
Høyde,hoyde,G13,2018,23,1.36,1.46,1.534
Høyde,hoyde,G13,2019,23,1.41,1.46,1.534
Høyde,hoyde,G13,2020,24,1.335,1.422,1.531
Høyde,hoyde,G13,2021,29,1.36,1.46,1.51
Høyde,hoyde,G13,2022,30,1.31,1.398,1.46
Høyde,hoyde,G13,2023,30,1.305,1.41,1.468
Høyde,hoyde,G13,2024,31,1.31,1.41,1.46
Høyde,hoyde,G13,2025,33,1.31,1.41,1.51
Høyde,hoyde,G14,2012,28,1.46,1.545,1.563
Høyde,hoyde,G14,2013,26,1.535,1.61,1.655
Høyde,hoyde,G14,2014,28,1.485,1.51,1.673
Høyde,hoyde,G14,2015,22,1.46,1.51,1.56
Høyde,hoyde,G14,2016,27,1.51,1.57,1.708
Høyde,hoyde,G14,2017,31,1.46,1.51,1.61
Høyde,hoyde,G14,2018,27,1.46,1.535,1.7
Høyde,hoyde,G14,2019,30,1.505,1.56,1.655
Høyde,hoyde,G14,2020,23,1.51,1.585,1.664
Høyde,hoyde,G14,2021,24,1.51,1.522,1.56
Høyde,hoyde,G14,2022,30,1.46,1.56,1.56
Høyde,hoyde,G14,2023,28,1.46,1.51,1.56
Høyde,hoyde,G14,2024,31,1.41,1.485,1.51
Høyde,hoyde,G14,2025,33,1.46,1.56,1.61
Høyde,hoyde,J13,2012,44,1.31,1.41,1.46
Høyde,hoyde,J13,2013,30,1.31,1.36,1.41
Høyde,hoyde,J13,2014,45,1.36,1.41,1.44
Høyde,hoyde,J13,2015,37,1.31,1.36,1.46
Høyde,hoyde,J13,2016,35,1.31,1.41,1.41
Høyde,hoyde,J13,2017,39,1.31,1.36,1.41
Høyde,hoyde,J13,2018,36,1.31,1.41,1.41
Høyde,hoyde,J13,2019,30,1.31,1.36,1.461
Høyde,hoyde,J13,2020,29,1.31,1.41,1.436
Høyde,hoyde,J13,2021,27,1.31,1.365,1.41
Høyde,hoyde,J13,2022,43,1.31,1.36,1.41
Høyde,hoyde,J13,2023,29,1.31,1.36,1.46
Høyde,hoyde,J13,2024,35,1.26,1.38,1.434
Høyde,hoyde,J13,2025,26,1.31,1.41,1.46
Høyde,hoyde,J14,2012,38,1.36,1.41,1.484
Høyde,hoyde,J14,2013,33,1.36,1.41,1.5
Høyde,hoyde,J14,2014,27,1.36,1.435,1.48
Høyde,hoyde,J14,2015,34,1.41,1.41,1.501
Høyde,hoyde,J14,2016,27,1.41,1.46,1.552
Høyde,hoyde,J14,2017,39,1.38,1.46,1.47
Høyde,hoyde,J14,2018,31,1.36,1.485,1.54
Høyde,hoyde,J14,2019,30,1.36,1.41,1.51
Høyde,hoyde,J14,2020,26,1.335,1.41,1.46
Høyde,hoyde,J14,2021,22,1.36,1.41,1.46
Høyde,hoyde,J14,2022,33,1.36,1.41,1.45
Høyde,hoyde,J14,2023,37,1.31,1.36,1.41
Høyde,hoyde,J14,2024,25,1.36,1.46,1.51
Høyde,hoyde,J14,2025,36,1.31,1.41,1.46
Tresteg,tresteg,G13,2012,0,,,
Tresteg,tresteg,G13,2013,25,9.23,10.1,10.446
Tresteg,tresteg,G13,2014,30,9.29,10.022,10.512
Tresteg,tresteg,G13,2015,24,9.62,10.148,11.15
Tresteg,tresteg,G13,2016,20,8.985,9.308,10.3
Tresteg,tresteg,G13,2017,26,9.505,9.922,10.475
Tresteg,tresteg,G13,2018,34,9.415,10.005,10.567
Tresteg,tresteg,G13,2019,28,9.365,10.07,10.313
Tresteg,tresteg,G13,2020,28,9.345,9.625,10.458
Tresteg,tresteg,G13,2021,29,9.15,9.6,10.272
Tresteg,tresteg,G13,2022,24,9.26,9.7,10.74
Tresteg,tresteg,G13,2023,27,8.93,9.78,10.162
Tresteg,tresteg,G13,2024,19,9.42,9.905,
Tresteg,tresteg,G13,2025,22,9.05,9.635,9.947
Tresteg,tresteg,G14,2012,30,10.07,10.588,11.591
Tresteg,tresteg,G14,2013,24,10.015,10.822,11.316
Tresteg,tresteg,G14,2014,33,10.39,11.1,11.676
Tresteg,tresteg,G14,2015,25,10.07,10.72,11.224
Tresteg,tresteg,G14,2016,29,10.11,10.68,11.31
Tresteg,tresteg,G14,2017,32,10.075,10.69,11.124
Tresteg,tresteg,G14,2018,24,9.605,10.79,11.397
Tresteg,tresteg,G14,2019,32,9.795,10.51,10.801
Tresteg,tresteg,G14,2020,24,10.31,10.725,11.548
Tresteg,tresteg,G14,2021,27,9.65,10.565,11.098
Tresteg,tresteg,G14,2022,30,9.66,10.318,10.944
Tresteg,tresteg,G14,2023,23,9.27,10.035,10.666
Tresteg,tresteg,G14,2024,28,9.545,10.562,10.787
Tresteg,tresteg,G14,2025,27,9.38,10.34,11.062
Tresteg,tresteg,J13,2012,0,,,
Tresteg,tresteg,J13,2013,41,8.6,9.13,9.75
Tresteg,tresteg,J13,2014,34,8.98,9.675,9.857
Tresteg,tresteg,J13,2015,44,9.085,9.572,9.811
Tresteg,tresteg,J13,2016,38,9.01,9.475,10.08
Tresteg,tresteg,J13,2017,39,9.15,9.44,9.986
Tresteg,tresteg,J13,2018,40,9.095,9.672,10.149
Tresteg,tresteg,J13,2019,32,8.895,9.368,9.645
Tresteg,tresteg,J13,2020,31,8.92,9.465,10.39
Tresteg,tresteg,J13,2021,33,8.85,9.32,9.618
Tresteg,tresteg,J13,2022,33,8.77,9.34,9.9
Tresteg,tresteg,J13,2023,22,8.955,9.168,9.92
Tresteg,tresteg,J13,2024,40,8.89,9.555,10.031
Tresteg,tresteg,J13,2025,35,8.29,8.94,9.84
Tresteg,tresteg,J14,2012,34,9.075,9.86,10.257
Tresteg,tresteg,J14,2013,38,9.185,9.84,10.231
Tresteg,tresteg,J14,2014,30,8.705,9.302,9.909
Tresteg,tresteg,J14,2015,31,9.22,9.72,10.13
Tresteg,tresteg,J14,2016,25,9.3,10.01,10.266
Tresteg,tresteg,J14,2017,38,9.165,9.87,10.135
Tresteg,tresteg,J14,2018,35,9.33,9.66,10.278
Tresteg,tresteg,J14,2019,41,9.22,9.82,10.26
Tresteg,tresteg,J14,2020,36,9.115,9.482,9.885
Tresteg,tresteg,J14,2021,31,9.11,9.825,10.45
Tresteg,tresteg,J14,2022,41,8.8,9.4,9.72
Tresteg,tresteg,J14,2023,39,8.72,9.59,10.214
Tresteg,tresteg,J14,2024,25,8.86,9.47,10.162
Tresteg,tresteg,J14,2025,35,8.95,9.525,10.052
Stav,stav,G13,2012,14,1.97,2.095,2.345
Stav,stav,G13,2013,10,1.795,2.082,2.16
Stav,stav,G13,2014,8,,,
Stav,stav,G13,2015,10,1.87,2.02,2.18
Stav,stav,G13,2016,16,1.995,2.22,2.52
Stav,stav,G13,2017,11,1.82,1.97,2.42
Stav,stav,G13,2018,12,2.02,2.368,2.51
Stav,stav,G13,2019,14,2.085,2.395,2.614
Stav,stav,G13,2020,8,,,
Stav,stav,G13,2021,14,1.945,2.095,2.363
Stav,stav,G13,2022,19,1.82,2.12,2.47
Stav,stav,G13,2023,17,1.92,2.17,2.558
Stav,stav,G13,2024,16,1.82,2.055,2.27
Stav,stav,G13,2025,18,1.97,2.232,2.374
Stav,stav,G14,2012,14,2.17,2.558,2.726
Stav,stav,G14,2013,14,2.32,2.495,2.52
Stav,stav,G14,2014,17,2.1,2.22,2.78
Stav,stav,G14,2015,15,2.02,2.245,2.848
Stav,stav,G14,2016,15,2.07,2.495,2.87
Stav,stav,G14,2017,15,2.37,2.57,2.838
Stav,stav,G14,2018,10,2.345,2.57,3.005
Stav,stav,G14,2019,12,2.65,2.845,2.92
Stav,stav,G14,2020,15,2.32,2.595,2.92
Stav,stav,G14,2021,13,1.92,2.22,2.4
Stav,stav,G14,2022,14,1.97,2.47,2.73
Stav,stav,G14,2023,15,2.27,2.685,2.92
Stav,stav,G14,2024,20,2.32,2.495,2.85
Stav,stav,G14,2025,16,2.27,2.445,2.635
Stav,stav,J13,2012,11,1.87,2.135,2.52
Stav,stav,J13,2013,12,2.07,2.182,2.31
Stav,stav,J13,2014,18,1.72,2.032,2.17
Stav,stav,J13,2015,14,1.82,2.12,2.39
Stav,stav,J13,2016,13,1.92,2.22,2.302
Stav,stav,J13,2017,13,1.92,2.17,2.64
Stav,stav,J13,2018,16,1.87,2.22,2.52
Stav,stav,J13,2019,10,2.1,2.28,2.669
Stav,stav,J13,2020,12,1.945,2.07,2.256
Stav,stav,J13,2021,12,1.845,1.97,2.312
Stav,stav,J13,2022,23,1.92,2.22,2.508
Stav,stav,J13,2023,18,1.82,2.258,2.634
Stav,stav,J13,2024,17,1.82,2.02,2.19
Stav,stav,J13,2025,11,2.0,2.02,2.42
Stav,stav,J14,2012,18,2.045,2.245,2.385
Stav,stav,J14,2013,8,,,
Stav,stav,J14,2014,19,2.12,2.36,2.43
Stav,stav,J14,2015,17,2.02,2.12,2.44
Stav,stav,J14,2016,15,2.02,2.32,2.4
Stav,stav,J14,2017,17,2.07,2.52,2.772
Stav,stav,J14,2018,18,1.92,2.007,2.135
Stav,stav,J14,2019,16,1.92,2.478,2.675
Stav,stav,J14,2020,14,2.195,2.295,2.56
Stav,stav,J14,2021,15,1.82,2.185,2.438
Stav,stav,J14,2022,16,1.82,2.045,2.395
Stav,stav,J14,2023,20,2.02,2.458,2.63
Stav,stav,J14,2024,14,2.145,2.632,2.805
Stav,stav,J14,2025,16,2.17,2.34,2.47
Kule (3 kg),kule_3kg,G13,2012,41,8.75,9.86,10.73
Kule (3 kg),kule_3kg,G13,2013,44,8.585,9.658,11.169
Kule (3 kg),kule_3kg,G13,2014,33,9.21,11.03,12.14
Kule (3 kg),kule_3kg,G13,2015,42,8.01,9.952,10.594
Kule (3 kg),kule_3kg,G13,2016,28,9.495,10.525,11.115
Kule (3 kg),kule_3kg,G13,2017,34,8.835,10.55,11.03
Kule (3 kg),kule_3kg,G13,2018,36,8.525,9.285,9.94
Kule (3 kg),kule_3kg,G13,2019,38,8.235,9.618,10.756
Kule (3 kg),kule_3kg,G13,2020,30,8.41,9.812,10.438
Kule (3 kg),kule_3kg,G13,2021,44,8.3,9.315,9.937
Kule (3 kg),kule_3kg,G13,2022,27,8.53,9.025,9.814
Kule (3 kg),kule_3kg,G13,2023,33,8.75,9.72,11.28
Kule (3 kg),kule_3kg,G13,2024,33,7.95,9.16,10.208
Kule (3 kg),kule_3kg,G13,2025,38,7.825,9.5,10.943
Kule (4 kg),kule_4kg,G14,2012,38,8.705,10.548,12.022
Kule (4 kg),kule_4kg,G14,2013,29,9.09,10.52,11.802
Kule (4 kg),kule_4kg,G14,2014,38,9.28,10.275,10.945
Kule (4 kg),kule_4kg,G14,2015,35,8.62,9.795,11.706
Kule (4 kg),kule_4kg,G14,2016,26,9.17,10.292,11.3
Kule (4 kg),kule_4kg,G14,2017,32,9.375,10.875,12.347
Kule (4 kg),kule_4kg,G14,2018,31,8.2,10.34,11.51
Kule (4 kg),kule_4kg,G14,2019,29,8.71,10.05,11.154
Kule (4 kg),kule_4kg,G14,2020,28,8.615,9.77,11.637
Kule (4 kg),kule_4kg,G14,2021,35,8.89,9.915,10.512
Kule (4 kg),kule_4kg,G14,2022,40,8.525,9.45,9.875
Kule (4 kg),kule_4kg,G14,2023,33,8.65,9.23,9.744
Kule (4 kg),kule_4kg,G14,2024,25,8.88,9.33,9.748
Kule (4 kg),kule_4kg,G14,2025,34,8.21,9.17,10.009
Kule (2 kg),kule_2kg,J13,2012,51,8.71,9.65,10.3
Kule (2 kg),kule_2kg,J13,2013,39,8.54,9.43,10.0
Kule (2 kg),kule_2kg,J13,2014,51,8.64,9.815,10.34
Kule (2 kg),kule_2kg,J13,2015,49,8.29,9.63,10.446
Kule (2 kg),kule_2kg,J13,2016,47,9.1,9.975,10.58
Kule (2 kg),kule_2kg,J13,2017,41,8.92,9.95,10.33
Kule (2 kg),kule_2kg,J13,2018,42,8.4,9.858,11.084
Kule (2 kg),kule_2kg,J13,2019,47,8.26,9.255,10.302
Kule (2 kg),kule_2kg,J13,2020,34,7.78,9.31,10.802
Kule (2 kg),kule_2kg,J13,2021,41,7.91,8.6,10.54
Kule (2 kg),kule_2kg,J13,2022,47,8.38,8.77,10.018
Kule (2 kg),kule_2kg,J13,2023,36,7.715,8.785,9.995
Kule (2 kg),kule_2kg,J13,2024,53,8.04,8.96,9.718
Kule (2 kg),kule_2kg,J13,2025,43,8.5,9.68,10.256
Kule (3 kg),kule_3kg,J14,2012,41,8.12,9.28,10.28
Kule (3 kg),kule_3kg,J14,2013,36,7.895,8.98,9.975
Kule (3 kg),kule_3kg,J14,2014,34,8.09,9.298,9.943
Kule (3 kg),kule_3kg,J14,2015,45,7.51,9.0,10.022
Kule (3 kg),kule_3kg,J14,2016,31,7.73,8.92,9.47
Kule (3 kg),kule_3kg,J14,2017,44,8.175,9.142,9.73
Kule (3 kg),kule_3kg,J14,2018,42,7.53,8.468,9.537
Kule (3 kg),kule_3kg,J14,2019,38,7.855,9.005,10.003
Kule (3 kg),kule_3kg,J14,2020,38,7.43,8.5,9.309
Kule (3 kg),kule_3kg,J14,2021,36,7.72,8.907,9.82
Kule (3 kg),kule_3kg,J14,2022,37,7.59,8.53,9.104
Kule (3 kg),kule_3kg,J14,2023,43,7.62,8.665,9.048
Kule (3 kg),kule_3kg,J14,2024,31,7.48,8.51,9.65
Kule (3 kg),kule_3kg,J14,2025,40,7.575,8.688,9.868
Spyd (400 g),spyd_400g,G13,2012,43,29.19,33.25,36.478
Spyd (400 g),spyd_400g,G13,2013,40,29.905,35.008,37.563
Spyd (400 g),spyd_400g,G13,2014,31,31.55,35.51,41.94
Spyd (400 g),spyd_400g,G13,2015,32,27.895,34.548,37.411
Spyd (400 g),spyd_400g,G13,2016,34,24.735,31.298,37.658
Spyd (400 g),spyd_400g,G13,2017,37,28.55,34.52,38.154
Spyd (400 g),spyd_400g,G13,2018,31,26.18,30.16,34.37
Spyd (400 g),spyd_400g,G13,2019,36,25.68,29.842,34.595
Spyd (400 g),spyd_400g,G13,2020,29,25.85,31.91,37.104
Spyd (400 g),spyd_400g,G13,2021,41,24.23,27.84,31.17
Spyd (400 g),spyd_400g,G13,2022,31,23.94,28.575,31.54
Spyd (400 g),spyd_400g,G13,2023,30,24.91,30.202,32.84
Spyd (400 g),spyd_400g,G13,2024,33,24.59,27.2,32.874
Spyd (400 g),spyd_400g,G13,2025,34,24.415,30.958,32.957
Spyd (600 g),spyd_600g,G14,2012,39,32.27,36.78,41.848
Spyd (600 g),spyd_600g,G14,2013,36,30.6,34.01,37.155
Spyd (600 g),spyd_600g,G14,2014,31,30.52,36.77,39.66
Spyd (600 g),spyd_600g,G14,2015,33,30.43,35.16,43.422
Spyd (600 g),spyd_600g,G14,2016,26,31.91,35.02,37.79
Spyd (600 g),spyd_600g,G14,2017,31,26.79,33.065,41.08
Spyd (600 g),spyd_600g,G14,2018,32,26.695,35.13,41.758
Spyd (600 g),spyd_600g,G14,2019,22,30.465,34.608,39.645
Spyd (600 g),spyd_600g,G14,2020,28,28.17,32.278,34.258
Spyd (600 g),spyd_600g,G14,2021,34,24.425,31.582,37.667
Spyd (600 g),spyd_600g,G14,2022,40,25.745,29.795,33.57
Spyd (600 g),spyd_600g,G14,2023,29,26.28,31.23,33.788
Spyd (600 g),spyd_600g,G14,2024,26,28.705,31.682,35.61
Spyd (600 g),spyd_600g,G14,2025,34,25.28,31.102,36.811
Spyd (400 g),spyd_400g,J13,2012,37,22.17,26.83,31.238
Spyd (400 g),spyd_400g,J13,2013,33,21.31,25.4,29.386
Spyd (400 g),spyd_400g,J13,2014,39,20.48,25.22,28.44
Spyd (400 g),spyd_400g,J13,2015,34,21.09,24.05,29.141
Spyd (400 g),spyd_400g,J13,2016,34,22.43,27.038,31.85
Spyd (400 g),spyd_400g,J13,2017,37,20.58,25.15,29.832
Spyd (400 g),spyd_400g,J13,2018,33,19.17,25.55,31.634
Spyd (400 g),spyd_400g,J13,2019,27,20.76,26.55,29.48
Spyd (400 g),spyd_400g,J13,2020,32,20.76,24.738,28.69
Spyd (400 g),spyd_400g,J13,2021,26,18.915,22.288,24.465
Spyd (400 g),spyd_400g,J13,2022,44,19.36,23.352,26.199
Spyd (400 g),spyd_400g,J13,2023,31,17.76,23.395,26.1
Spyd (400 g),spyd_400g,J13,2024,37,17.42,19.91,24.984
Spyd (400 g),spyd_400g,J13,2025,33,19.92,24.34,26.482
Spyd (400 g),spyd_400g,J14,2012,32,27.995,34.258,36.139
Spyd (400 g),spyd_400g,J14,2013,32,24.525,29.795,32.624
Spyd (400 g),spyd_400g,J14,2014,32,25.72,30.557,33.665
Spyd (400 g),spyd_400g,J14,2015,40,22.95,26.772,32.486
Spyd (400 g),spyd_400g,J14,2016,34,23.67,28.348,31.225
Spyd (400 g),spyd_400g,J14,2017,38,25.965,31.578,35.531
Spyd (400 g),spyd_400g,J14,2018,37,23.54,28.01,29.784
Spyd (400 g),spyd_400g,J14,2019,35,25.61,29.49,36.326
Spyd (400 g),spyd_400g,J14,2020,28,22.845,27.732,32.279
Spyd (400 g),spyd_400g,J14,2021,30,22.37,26.255,32.064
Spyd (400 g),spyd_400g,J14,2022,30,20.665,22.848,32.385
Spyd (400 g),spyd_400g,J14,2023,43,20.3,24.49,28.102
Spyd (400 g),spyd_400g,J14,2024,30,21.395,25.478,30.741
Spyd (400 g),spyd_400g,J14,2025,38,20.635,24.438,28.795
Diskos (750 g),diskos_750g,G13,2012,28,24.125,27.048,32.519
Diskos (750 g),diskos_750g,G13,2013,34,21.365,25.438,29.179
Diskos (750 g),diskos_750g,G13,2014,28,22.285,25.672,33.351
Diskos (750 g),diskos_750g,G13,2015,30,21.54,27.643,32.788
Diskos (750 g),diskos_750g,G13,2016,27,24.73,28.635,32.812
Diskos (750 g),diskos_750g,G13,2017,32,23.575,28.57,31.769
Diskos (750 g),diskos_750g,G13,2018,22,22.68,25.635,30.03
Diskos (750 g),diskos_750g,G13,2019,33,22.35,26.45,29.538
Diskos (750 g),diskos_750g,G13,2020,20,23.175,27.775,28.763
Diskos (750 g),diskos_750g,G13,2021,27,19.59,23.67,27.046
Diskos (750 g),diskos_750g,G13,2022,28,20.665,23.533,28.433
Diskos (750 g),diskos_750g,G13,2023,26,21.43,26.728,28.975
Diskos (750 g),diskos_750g,G13,2024,29,19.79,23.91,28.672
Diskos (750 g),diskos_750g,G13,2025,27,19.57,25.01,28.97
Diskos (1 kg),diskos_1kg,G14,2012,28,23.5,30.72,35.991
Diskos (1 kg),diskos_1kg,G14,2013,27,24.56,30.135,33.652
Diskos (1 kg),diskos_1kg,G14,2014,35,23.67,28.06,32.864
Diskos (1 kg),diskos_1kg,G14,2015,29,24.35,31.84,34.156
Diskos (1 kg),diskos_1kg,G14,2016,24,23.395,28.938,32.089
Diskos (1 kg),diskos_1kg,G14,2017,27,24.73,30.465,33.282
Diskos (1 kg),diskos_1kg,G14,2018,32,25.1,30.508,39.067
Diskos (1 kg),diskos_1kg,G14,2019,20,25.255,33.342,37.151
Diskos (1 kg),diskos_1kg,G14,2020,27,24.58,27.71,28.612
Diskos (1 kg),diskos_1kg,G14,2021,20,23.02,27.578,32.669
Diskos (1 kg),diskos_1kg,G14,2022,33,21.42,24.38,28.5
Diskos (1 kg),diskos_1kg,G14,2023,32,21.52,25.658,29.942
Diskos (1 kg),diskos_1kg,G14,2024,26,23.87,29.19,32.385
Diskos (1 kg),diskos_1kg,G14,2025,28,23.28,25.18,26.84
Diskos (600 g),diskos_600g,J13,2012,31,19.35,23.29,26.44
Diskos (600 g),diskos_600g,J13,2013,27,17.64,21.055,24.482
Diskos (600 g),diskos_600g,J13,2014,32,18.915,22.34,25.911
Diskos (600 g),diskos_600g,J13,2015,28,19.75,24.16,29.763
Diskos (600 g),diskos_600g,J13,2016,35,19.18,22.94,26.022
Diskos (600 g),diskos_600g,J13,2017,30,20.175,24.632,26.051
Diskos (600 g),diskos_600g,J13,2018,29,19.44,22.66,35.976
Diskos (600 g),diskos_600g,J13,2019,23,17.56,23.575,24.958
Diskos (600 g),diskos_600g,J13,2020,21,16.36,19.91,21.93
Diskos (600 g),diskos_600g,J13,2021,25,17.13,21.34,23.03
Diskos (600 g),diskos_600g,J13,2022,36,17.455,20.522,22.375
Diskos (600 g),diskos_600g,J13,2023,23,17.36,21.335,25.166
Diskos (600 g),diskos_600g,J13,2024,31,18.67,19.795,24.52
Diskos (600 g),diskos_600g,J13,2025,32,18.06,21.135,23.78
Diskos (750 g),diskos_750g,J14,2012,28,20.34,23.842,29.038
Diskos (750 g),diskos_750g,J14,2013,23,20.57,24.315,27.85
Diskos (750 g),diskos_750g,J14,2014,33,20.72,23.97,27.46
Diskos (750 g),diskos_750g,J14,2015,32,20.72,23.875,28.627
Diskos (750 g),diskos_750g,J14,2016,33,20.12,24.23,31.666
Diskos (750 g),diskos_750g,J14,2017,32,20.53,23.038,25.122
Diskos (750 g),diskos_750g,J14,2018,26,20.51,23.918,28.955
Diskos (750 g),diskos_750g,J14,2019,32,21.095,25.485,32.906
Diskos (750 g),diskos_750g,J14,2020,24,19.39,23.748,27.091
Diskos (750 g),diskos_750g,J14,2021,32,17.12,22.04,27.209
Diskos (750 g),diskos_750g,J14,2022,29,18.8,21.38,25.078
Diskos (750 g),diskos_750g,J14,2023,39,18.08,22.92,25.152
Diskos (750 g),diskos_750g,J14,2024,24,20.305,21.792,23.65
Diskos (750 g),diskos_750g,J14,2025,33,19.25,22.21,26.588
Slegge (3 kg),slegge_30kg_1195cm,G13,2012,18,22.915,24.812,
Slegge (3 kg),slegge_30kg_1195cm,G13,2013,21,21.42,27.72,35.36
Slegge (3 kg),slegge_30kg_1195cm,G13,2014,28,22.465,30.478,37.283
Slegge (3 kg),slegge_30kg_1195cm,G13,2015,14,21.135,26.13,
Slegge (3 kg),slegge_30kg_1195cm,G13,2016,24,22.67,27.05,29.681
Slegge (3 kg),slegge_30kg_1195cm,G13,2017,28,24.08,28.298,29.921
Slegge (3 kg),slegge_30kg_1195cm,G13,2018,22,21.655,28.2,31.846
Slegge (3 kg),slegge_30kg_1195cm,G13,2019,28,20.845,25.92,29.634
Slegge (3 kg),slegge_30kg_1195cm,G13,2020,16,20.59,26.107,
Slegge (3 kg),slegge_30kg_1195cm,G13,2021,28,19.945,23.17,26.894
Slegge (3 kg),slegge_30kg_1195cm,G13,2022,25,19.94,22.98,29.766
Slegge (3 kg),slegge_30kg_1195cm,G13,2023,19,19.44,24.77,
Slegge (3 kg),slegge_30kg_1195cm,G13,2024,22,19.63,22.088,26.528
Slegge (3 kg),slegge_30kg_1195cm,G13,2025,23,22.39,30.94,33.604
Slegge (4 kg),slegge_40kg/1195cm,G14,2012,27,24.98,31.06,36.566
Slegge (4 kg),slegge_40kg/1195cm,G14,2013,22,20.865,28.255,34.11
Slegge (4 kg),slegge_40kg/1195cm,G14,2014,25,25.25,33.8,40.376
Slegge (4 kg),slegge_40kg/1195cm,G14,2015,26,22.39,28.393,43.435
Slegge (4 kg),slegge_40kg/1195cm,G14,2016,17,20.5,28.2,
Slegge (4 kg),slegge_40kg/1195cm,G14,2017,25,23.29,28.54,33.772
Slegge (4 kg),slegge_40kg/1195cm,G14,2018,25,22.67,31.53,34.954
Slegge (4 kg),slegge_40kg/1195cm,G14,2019,18,28.495,30.44,
Slegge (4 kg),slegge_40kg/1195cm,G14,2020,22,23.435,31.82,37.615
Slegge (4 kg),slegge_40kg/1195cm,G14,2021,24,21.165,26.81,35.083
Slegge (4 kg),slegge_40kg/1195cm,G14,2022,28,19.01,23.175,30.102
Slegge (4 kg),slegge_40kg/1195cm,G14,2023,25,19.56,23.57,28.75
Slegge (4 kg),slegge_40kg/1195cm,G14,2024,20,21.695,25.022,32.988
Slegge (4 kg),slegge_40kg/1195cm,G14,2025,23,20.26,24.245,32.062
Slegge (2 kg),slegge_20kg/110cm,J13,2012,24,23.49,27.623,29.646
Slegge (2 kg),slegge_20kg/110cm,J13,2013,27,21.1,24.675,26.598
Slegge (2 kg),slegge_20kg/110cm,J13,2014,34,21.715,24.758,29.639
Slegge (2 kg),slegge_20kg/110cm,J13,2015,28,23.6,26.97,30.514
Slegge (2 kg),slegge_20kg/110cm,J13,2016,33,24.85,27.74,32.784
Slegge (2 kg),slegge_20kg/110cm,J13,2017,27,25.27,28.585,32.6
Slegge (2 kg),slegge_20kg/110cm,J13,2018,28,24.66,29.068,37.468
Slegge (2 kg),slegge_20kg/110cm,J13,2019,18,23.49,29.532,
Slegge (2 kg),slegge_20kg/110cm,J13,2020,21,24.68,28.19,31.3
Slegge (2 kg),slegge_20kg/110cm,J13,2021,25,22.99,28.32,34.22
Slegge (2 kg),slegge_20kg/110cm,J13,2022,37,23.38,28.44,29.896
Slegge (2 kg),slegge_20kg/110cm,J13,2023,32,21.8,25.42,40.632
Slegge (2 kg),slegge_20kg/110cm,J13,2024,34,20.665,24.688,29.37
Slegge (2 kg),slegge_20kg/110cm,J13,2025,31,22.97,28.805,30.4
Slegge (3 kg),slegge_30kg_1195cm,J14,2012,25,21.26,24.76,28.748
Slegge (3 kg),slegge_30kg_1195cm,J14,2013,18,22.03,26.162,
Slegge (3 kg),slegge_30kg_1195cm,J14,2014,28,20.94,23.472,28.48
Slegge (3 kg),slegge_30kg_1195cm,J14,2015,30,20.68,24.438,31.249
Slegge (3 kg),slegge_30kg_1195cm,J14,2016,28,22.605,26.625,30.551
Slegge (3 kg),slegge_30kg_1195cm,J14,2017,30,23.095,25.752,30.0
Slegge (3 kg),slegge_30kg_1195cm,J14,2018,29,21.49,26.7,34.092
Slegge (3 kg),slegge_30kg_1195cm,J14,2019,25,23.74,31.76,37.29
Slegge (3 kg),slegge_30kg_1195cm,J14,2020,23,20.75,27.035,32.892
Slegge (3 kg),slegge_30kg_1195cm,J14,2021,27,21.89,25.345,28.772
Slegge (3 kg),slegge_30kg_1195cm,J14,2022,28,21.77,27.185,30.287
Slegge (3 kg),slegge_30kg_1195cm,J14,2023,38,22.34,28.105,31.188
Slegge (3 kg),slegge_30kg_1195cm,J14,2024,28,21.425,30.912,36.129
Slegge (3 kg),slegge_30kg_1195cm,J14,2025,39,19.66,27.155,30.848
"60 m hekk (76,2 cm)",60mh_76_2cm,G13,2012,28,10.795,10.475,9.897
"60 m hekk (76,2 cm)",60mh_76_2cm,G13,2013,27,10.97,10.455,10.132
"60 m hekk (76,2 cm)",60mh_76_2cm,G13,2014,27,11.01,10.305,9.524
"60 m hekk (76,2 cm)",60mh_76_2cm,G13,2015,25,11.1,10.63,10.262
"60 m hekk (76,2 cm)",60mh_76_2cm,G13,2016,25,10.73,10.04,9.71
"60 m hekk (76,2 cm)",60mh_76_2cm,G13,2017,24,10.87,10.395,9.826
"60 m hekk (76,2 cm)",60mh_76_2cm,G13,2018,34,10.73,10.082,9.758
"60 m hekk (76,2 cm)",60mh_76_2cm,G13,2019,24,10.745,10.295,10.15
"60 m hekk (76,2 cm)",60mh_76_2cm,G13,2020,26,11.275,10.392,10.025
"60 m hekk (76,2 cm)",60mh_76_2cm,G13,2021,22,10.79,10.18,9.809
"60 m hekk (76,2 cm)",60mh_76_2cm,G13,2022,26,10.91,10.235,9.805
"60 m hekk (76,2 cm)",60mh_76_2cm,G13,2023,29,10.71,10.43,10.044
"60 m hekk (76,2 cm)",60mh_76_2cm,G13,2024,27,10.94,10.19,9.752
"60 m hekk (76,2 cm)",60mh_76_2cm,G13,2025,20,11.1,10.625,9.729
"60 m hekk (76,2 cm)",60mh_76_2cm,J13,2012,29,11.37,10.49,10.27
"60 m hekk (76,2 cm)",60mh_76_2cm,J13,2013,35,11.47,10.815,10.148
"60 m hekk (76,2 cm)",60mh_76_2cm,J13,2014,34,10.89,10.343,9.989
"60 m hekk (76,2 cm)",60mh_76_2cm,J13,2015,34,11.185,10.462,10.285
"60 m hekk (76,2 cm)",60mh_76_2cm,J13,2016,38,11.045,10.33,9.904
"60 m hekk (76,2 cm)",60mh_76_2cm,J13,2017,33,11.28,10.58,10.204
"60 m hekk (76,2 cm)",60mh_76_2cm,J13,2018,37,11.42,10.68,10.242
"60 m hekk (76,2 cm)",60mh_76_2cm,J13,2019,32,11.295,10.688,10.508
"60 m hekk (76,2 cm)",60mh_76_2cm,J13,2020,30,10.995,10.37,10.135
"60 m hekk (76,2 cm)",60mh_76_2cm,J13,2021,27,11.48,10.92,10.394
"60 m hekk (76,2 cm)",60mh_76_2cm,J13,2022,34,11.22,10.702,10.462
"60 m hekk (76,2 cm)",60mh_76_2cm,J13,2023,28,11.57,10.708,10.162
"60 m hekk (76,2 cm)",60mh_76_2cm,J13,2024,0,,,
"60 m hekk (76,2 cm)",60mh_76_2cm,J13,2025,0,,,
"60 m hekk (76,2 cm)",60mh_76_2cm,J14,2012,32,10.835,10.255,9.711
"60 m hekk (76,2 cm)",60mh_76_2cm,J14,2013,23,10.42,10.135,9.806
"60 m hekk (76,2 cm)",60mh_76_2cm,J14,2014,28,10.79,10.042,9.794
"60 m hekk (76,2 cm)",60mh_76_2cm,J14,2015,30,10.275,9.998,9.651
"60 m hekk (76,2 cm)",60mh_76_2cm,J14,2016,30,10.585,10.202,9.973
"60 m hekk (76,2 cm)",60mh_76_2cm,J14,2017,36,10.9,10.042,9.775
"60 m hekk (76,2 cm)",60mh_76_2cm,J14,2018,34,10.69,10.315,9.941
"60 m hekk (76,2 cm)",60mh_76_2cm,J14,2019,29,10.64,10.18,9.796
"60 m hekk (76,2 cm)",60mh_76_2cm,J14,2020,26,10.625,10.055,9.6
"60 m hekk (76,2 cm)",60mh_76_2cm,J14,2021,24,10.64,10.095,9.794
"60 m hekk (76,2 cm)",60mh_76_2cm,J14,2022,24,10.545,10.24,10.039
"60 m hekk (76,2 cm)",60mh_76_2cm,J14,2023,33,10.49,10.16,9.99
"60 m hekk (76,2 cm)",60mh_76_2cm,J14,2024,24,10.52,9.83,9.629
"60 m hekk (76,2 cm)",60mh_76_2cm,J14,2025,33,11.73,10.37,9.972
80 m hekk (84 cm),80mh_84cm,G14,2012,21,13.82,13.35,12.41
80 m hekk (84 cm),80mh_84cm,G14,2013,20,13.715,13.095,12.743
80 m hekk (84 cm),80mh_84cm,G14,2014,21,13.73,13.25,12.72
80 m hekk (84 cm),80mh_84cm,G14,2015,20,13.425,12.402,11.968
80 m hekk (84 cm),80mh_84cm,G14,2016,13,14.99,13.44,
80 m hekk (84 cm),80mh_84cm,G14,2017,20,14.295,13.508,12.637
80 m hekk (84 cm),80mh_84cm,G14,2018,22,13.535,13.122,12.468
80 m hekk (84 cm),80mh_84cm,G14,2019,24,14.12,13.343,12.46
80 m hekk (84 cm),80mh_84cm,G14,2020,17,13.3,12.45,
80 m hekk (84 cm),80mh_84cm,G14,2021,23,13.38,12.64,12.13
80 m hekk (84 cm),80mh_84cm,G14,2022,21,13.54,13.12,12.52
80 m hekk (84 cm),80mh_84cm,G14,2023,20,13.475,12.86,11.849
80 m hekk (84 cm),80mh_84cm,G14,2024,24,14.165,13.312,12.743
80 m hekk (84 cm),80mh_84cm,G14,2025,21,13.59,12.88,12.53
200 m hekk (68 cm),200mh_68cm,G13,2012,27,34.25,32.325,30.692
200 m hekk (68 cm),200mh_68cm,G13,2013,25,34.77,33.49,32.376
200 m hekk (68 cm),200mh_68cm,G13,2014,23,35.0,32.205,31.028
200 m hekk (68 cm),200mh_68cm,G13,2015,17,33.67,32.21,
200 m hekk (68 cm),200mh_68cm,G13,2016,29,34.35,32.63,30.698
200 m hekk (68 cm),200mh_68cm,G13,2017,29,34.29,32.9,30.92
200 m hekk (68 cm),200mh_68cm,G13,2018,29,33.95,31.78,30.752
200 m hekk (68 cm),200mh_68cm,G13,2019,22,33.835,32.002,31.133
200 m hekk (68 cm),200mh_68cm,G13,2020,22,34.225,32.667,30.776
200 m hekk (68 cm),200mh_68cm,G13,2021,26,33.575,32.443,31.17
200 m hekk (68 cm),200mh_68cm,G13,2022,22,33.505,32.265,31.137
200 m hekk (68 cm),200mh_68cm,G13,2023,25,35.53,33.61,31.84
200 m hekk (68 cm),200mh_68cm,G13,2024,27,35.7,32.29,31.234
200 m hekk (68 cm),200mh_68cm,G13,2025,21,34.36,32.94,32.1
"200 m hekk (76,2 cm)",200mh_76_2cm,G14,2012,20,32.36,30.625,29.673
"200 m hekk (76,2 cm)",200mh_76_2cm,G14,2013,15,31.81,30.545,
"200 m hekk (76,2 cm)",200mh_76_2cm,G14,2014,25,33.13,31.82,31.262
"200 m hekk (76,2 cm)",200mh_76_2cm,G14,2015,19,32.13,30.42,
"200 m hekk (76,2 cm)",200mh_76_2cm,G14,2016,19,32.38,31.125,
"200 m hekk (76,2 cm)",200mh_76_2cm,G14,2017,22,32.915,31.345,30.184
"200 m hekk (76,2 cm)",200mh_76_2cm,G14,2018,22,32.42,31.03,29.938
"200 m hekk (76,2 cm)",200mh_76_2cm,G14,2019,29,33.04,32.09,30.47
"200 m hekk (76,2 cm)",200mh_76_2cm,G14,2020,20,32.095,30.298,29.674
"200 m hekk (76,2 cm)",200mh_76_2cm,G14,2021,25,32.12,30.2,29.642
"200 m hekk (76,2 cm)",200mh_76_2cm,G14,2022,24,32.81,30.925,29.952
"200 m hekk (76,2 cm)",200mh_76_2cm,G14,2023,18,32.225,30.968,
"200 m hekk (76,2 cm)",200mh_76_2cm,G14,2024,30,33.03,31.025,30.483
"200 m hekk (76,2 cm)",200mh_76_2cm,G14,2025,20,33.055,30.728,29.805
200 m hekk (68 cm),200mh_68cm,J13,2012,24,35.53,34.208,33.288
200 m hekk (68 cm),200mh_68cm,J13,2013,31,36.21,34.44,33.31
200 m hekk (68 cm),200mh_68cm,J13,2014,33,34.61,33.28,32.646
200 m hekk (68 cm),200mh_68cm,J13,2015,23,35.12,33.78,32.766
200 m hekk (68 cm),200mh_68cm,J13,2016,13,34.99,32.7,
200 m hekk (68 cm),200mh_68cm,J13,2017,25,35.16,33.87,32.894
200 m hekk (68 cm),200mh_68cm,J13,2018,39,36.09,34.145,33.456
200 m hekk (68 cm),200mh_68cm,J13,2019,26,35.545,34.018,31.66
200 m hekk (68 cm),200mh_68cm,J13,2020,25,36.05,34.07,32.22
200 m hekk (68 cm),200mh_68cm,J13,2021,26,36.085,34.312,32.88
200 m hekk (68 cm),200mh_68cm,J13,2022,36,35.63,34.39,33.645
200 m hekk (68 cm),200mh_68cm,J13,2023,26,35.47,33.172,31.59
200 m hekk (68 cm),200mh_68cm,J13,2024,32,36.59,34.66,32.579
200 m hekk (68 cm),200mh_68cm,J13,2025,34,36.39,34.802,32.823
"200 m hekk (76,2 cm)",200mh_76_2cm,J14,2012,27,35.36,33.9,31.992
"200 m hekk (76,2 cm)",200mh_76_2cm,J14,2013,19,36.55,33.335,
"200 m hekk (76,2 cm)",200mh_76_2cm,J14,2014,21,34.61,32.41,31.25
"200 m hekk (76,2 cm)",200mh_76_2cm,J14,2015,22,33.4,32.522,31.828
"200 m hekk (76,2 cm)",200mh_76_2cm,J14,2016,20,34.43,32.225,31.889
"200 m hekk (76,2 cm)",200mh_76_2cm,J14,2017,29,34.37,32.51,31.82
"200 m hekk (76,2 cm)",200mh_76_2cm,J14,2018,29,36.06,34.13,33.308
"200 m hekk (76,2 cm)",200mh_76_2cm,J14,2019,28,35.38,33.335,32.693
"200 m hekk (76,2 cm)",200mh_76_2cm,J14,2020,22,34.25,33.287,32.534
"200 m hekk (76,2 cm)",200mh_76_2cm,J14,2021,22,34.795,32.715,31.768
"200 m hekk (76,2 cm)",200mh_76_2cm,J14,2022,22,35.995,34.72,34.034
"200 m hekk (76,2 cm)",200mh_76_2cm,J14,2023,28,34.91,33.652,33.258
"200 m hekk (76,2 cm)",200mh_76_2cm,J14,2024,25,35.57,32.0,30.586
"200 m hekk (76,2 cm)",200mh_76_2cm,J14,2025,33,36.38,33.49,32.222
