family,event,implement,age_class,yr,gender,n_athletes,top10_avg,top10_avg_fmt,rank25_value
Kule,kule_2kg,2kg,13 år,2013,F,272,10810.0,10.81,9340
Kule,kule_2kg,2kg,13 år,2014,F,234,11157.0,11.16,9690
Kule,kule_2kg,2kg,13 år,2015,F,204,12143.0,12.14,9440
Kule,kule_2kg,2kg,13 år,2016,F,277,11256.0,11.26,9990
Kule,kule_2kg,2kg,13 år,2017,F,252,11359.0,11.36,9690
Kule,kule_2kg,2kg,13 år,2018,F,222,11953.0,11.95,9480
Kule,kule_2kg,2kg,13 år,2019,F,190,11336.0,11.34,9330
Kule,kule_2kg,2kg,13 år,2020,F,136,11689.0,11.69,8840
Kule,kule_2kg,2kg,13 år,2021,F,127,10846.0,10.85,8710
Kule,kule_2kg,2kg,13 år,2022,F,162,10566.0,10.57,8810
Kule,kule_2kg,2kg,13 år,2023,F,143,10960.0,10.96,8710
Kule,kule_2kg,2kg,13 år,2024,F,178,10998.0,11.00,9090
Kule,kule_2kg,2kg,13 år,2025,F,203,10597.0,10.60,9100
Kule,kule_3kg,3kg,15 år,2013,F,76,11223.0,11.22,8780
Kule,kule_3kg,3kg,15 år,2014,F,87,11016.0,11.02,8890
Kule,kule_3kg,3kg,15 år,2015,F,95,10903.0,10.90,8720
Kule,kule_3kg,3kg,15 år,2016,F,105,10792.0,10.79,8910
Kule,kule_3kg,3kg,15 år,2017,F,110,11421.0,11.42,8820
Kule,kule_3kg,3kg,15 år,2018,F,136,11186.0,11.19,9220
Kule,kule_3kg,3kg,15 år,2019,F,118,10976.0,10.98,8950
Kule,kule_3kg,3kg,15 år,2020,F,68,11119.0,11.12,8540
Kule,kule_3kg,3kg,15 år,2021,F,69,11244.0,11.24,7980
Kule,kule_3kg,3kg,15 år,2022,F,78,11233.0,11.23,7980
Kule,kule_3kg,3kg,15 år,2023,F,101,10471.0,10.47,8120
Kule,kule_3kg,3kg,15 år,2024,F,82,10154.0,10.15,8190
Kule,kule_3kg,3kg,15 år,2025,F,79,10158.0,10.16,7390
Kule,kule_3kg,3kg,17 år,2013,F,23,12047.0,12.05,
Kule,kule_3kg,3kg,17 år,2014,F,23,10882.0,10.88,
Kule,kule_3kg,3kg,17 år,2015,F,30,12995.0,12.99,7940
Kule,kule_3kg,3kg,17 år,2016,F,37,11906.0,11.91,9430
Kule,kule_3kg,3kg,17 år,2017,F,27,11610.0,11.61,7250
Kule,kule_3kg,3kg,17 år,2018,F,34,11838.0,11.84,8350
Kule,kule_3kg,3kg,17 år,2019,F,37,12640.0,12.64,8130
Kule,kule_3kg,3kg,17 år,2020,F,47,12245.0,12.24,8820
Kule,kule_3kg,3kg,17 år,2021,F,45,12050.0,12.05,8760
Kule,kule_3kg,3kg,17 år,2022,F,30,12133.0,12.13,7460
Kule,kule_3kg,3kg,17 år,2023,F,17,10946.0,10.95,
Kule,kule_3kg,3kg,17 år,2024,F,27,11957.0,11.96,7380
Kule,kule_3kg,3kg,17 år,2025,F,24,11753.0,11.75,
Kule,kule_4kg,4kg,18/19 år,2013,F,32,11542.0,11.54,8630
Kule,kule_4kg,4kg,18/19 år,2014,F,37,11532.0,11.53,8850
Kule,kule_4kg,4kg,18/19 år,2015,F,36,11336.0,11.34,7530
Kule,kule_4kg,4kg,18/19 år,2016,F,33,11666.0,11.67,7600
Kule,kule_4kg,4kg,18/19 år,2017,F,41,11451.0,11.45,8190
Kule,kule_4kg,4kg,18/19 år,2018,F,40,11219.0,11.22,8450
Kule,kule_4kg,4kg,18/19 år,2019,F,42,10995.0,10.99,7980
Kule,kule_4kg,4kg,18/19 år,2020,F,32,11868.0,11.87,8040
Kule,kule_4kg,4kg,18/19 år,2021,F,55,12263.0,12.26,9130
Kule,kule_4kg,4kg,18/19 år,2022,F,42,11575.0,11.57,8200
Kule,kule_4kg,4kg,18/19 år,2023,F,30,11918.0,11.92,7070
Kule,kule_4kg,4kg,18/19 år,2024,F,34,11653.0,11.65,6890
Kule,kule_4kg,4kg,18/19 år,2025,F,22,11102.0,11.10,
Kule,kule_4kg,4kg,Senior,2013,F,44,12890.0,12.89,9740
Kule,kule_4kg,4kg,Senior,2014,F,51,12408.0,12.41,9300
Kule,kule_4kg,4kg,Senior,2015,F,46,12598.0,12.60,9610
Kule,kule_4kg,4kg,Senior,2016,F,52,13062.0,13.06,10190
Kule,kule_4kg,4kg,Senior,2017,F,67,13080.0,13.08,10330
Kule,kule_4kg,4kg,Senior,2018,F,47,12953.0,12.95,9920
Kule,kule_4kg,4kg,Senior,2019,F,36,12983.0,12.98,9690
Kule,kule_4kg,4kg,Senior,2020,F,44,11935.0,11.94,8630
Kule,kule_4kg,4kg,Senior,2021,F,40,12869.0,12.87,9750
Kule,kule_4kg,4kg,Senior,2022,F,41,13755.0,13.76,9500
Kule,kule_4kg,4kg,Senior,2023,F,41,12745.0,12.74,9740
Kule,kule_4kg,4kg,Senior,2024,F,51,13536.0,13.54,10170
Kule,kule_4kg,4kg,Senior,2025,F,43,13156.0,13.16,10400
Kule,kule_3kg,3kg,13 år,2013,M,196,11308.0,11.31,9520
Kule,kule_3kg,3kg,13 år,2014,M,159,12459.0,12.46,9280
Kule,kule_3kg,3kg,13 år,2015,M,166,11103.0,11.10,9100
Kule,kule_3kg,3kg,13 år,2016,M,173,11685.0,11.69,9520
Kule,kule_3kg,3kg,13 år,2017,M,174,11659.0,11.66,9500
Kule,kule_3kg,3kg,13 år,2018,M,167,10773.0,10.77,9170
Kule,kule_3kg,3kg,13 år,2019,M,150,11155.0,11.15,9050
Kule,kule_3kg,3kg,13 år,2020,M,114,10875.0,10.88,8610
Kule,kule_3kg,3kg,13 år,2021,M,170,10484.0,10.48,9090
Kule,kule_3kg,3kg,13 år,2022,M,143,10723.0,10.72,8830
Kule,kule_3kg,3kg,13 år,2023,M,132,11061.0,11.06,8860
Kule,kule_3kg,3kg,13 år,2024,M,123,10390.0,10.39,8590
Kule,kule_3kg,3kg,13 år,2025,M,166,11232.0,11.23,8380
Kule,kule_4kg,4kg,15 år,2013,M,70,14319.0,14.32,10660
Kule,kule_4kg,4kg,15 år,2014,M,70,13489.0,13.49,10610
Kule,kule_4kg,4kg,15 år,2015,M,101,12846.0,12.85,10850
Kule,kule_4kg,4kg,15 år,2016,M,103,13496.0,13.50,10800
Kule,kule_4kg,4kg,15 år,2017,M,83,12624.0,12.62,10560
Kule,kule_4kg,4kg,15 år,2018,M,97,14832.0,14.83,10880
Kule,kule_4kg,4kg,15 år,2019,M,98,13670.0,13.67,10580
Kule,kule_4kg,4kg,15 år,2020,M,54,13164.0,13.16,9660
Kule,kule_4kg,4kg,15 år,2021,M,96,13374.0,13.37,10440
Kule,kule_4kg,4kg,15 år,2022,M,92,12179.0,12.18,9570
Kule,kule_4kg,4kg,15 år,2023,M,92,12709.0,12.71,9990
Kule,kule_4kg,4kg,15 år,2024,M,63,11924.0,11.92,9380
Kule,kule_4kg,4kg,15 år,2025,M,90,12038.0,12.04,9530
Kule,kule_5kg,5kg,17 år,2013,M,37,13161.0,13.16,9320
Kule,kule_5kg,5kg,17 år,2014,M,27,12117.0,12.12,8040
Kule,kule_5kg,5kg,17 år,2015,M,29,15035.0,15.04,9220
Kule,kule_5kg,5kg,17 år,2016,M,26,13262.0,13.26,7280
Kule,kule_5kg,5kg,17 år,2017,M,33,12720.0,12.72,9260
Kule,kule_5kg,5kg,17 år,2018,M,27,13377.0,13.38,8060
Kule,kule_5kg,5kg,17 år,2019,M,23,12442.0,12.44,
Kule,kule_5kg,5kg,17 år,2020,M,25,14698.0,14.70,7450
Kule,kule_5kg,5kg,17 år,2021,M,32,14197.0,14.20,9050
Kule,kule_5kg,5kg,17 år,2022,M,28,13568.0,13.57,8100
Kule,kule_5kg,5kg,17 år,2023,M,23,14223.0,14.22,
Kule,kule_5kg,5kg,17 år,2024,M,26,12230.0,12.23,6830
Kule,kule_5kg,5kg,17 år,2025,M,19,12902.0,12.90,
Kule,kule_6kg,6kg,18/19 år,2013,M,32,13961.0,13.96,7930
Kule,kule_6kg,6kg,18/19 år,2014,M,31,13851.0,13.85,8960
Kule,kule_6kg,6kg,18/19 år,2015,M,22,13194.0,13.19,
Kule,kule_6kg,6kg,18/19 år,2016,M,28,14697.0,14.70,8050
Kule,kule_6kg,6kg,18/19 år,2017,M,30,14600.0,14.60,7710
Kule,kule_6kg,6kg,18/19 år,2018,M,31,13603.0,13.60,9060
Kule,kule_6kg,6kg,18/19 år,2019,M,34,13321.0,13.32,8660
Kule,kule_6kg,6kg,18/19 år,2020,M,23,12729.0,12.73,
Kule,kule_6kg,6kg,18/19 år,2021,M,25,14942.0,14.94,6390
Kule,kule_6kg,6kg,18/19 år,2022,M,29,15854.0,15.85,8620
Kule,kule_6kg,6kg,18/19 år,2023,M,33,14703.0,14.70,9090
Kule,kule_6kg,6kg,18/19 år,2024,M,23,14394.0,14.39,
Kule,kule_6kg,6kg,18/19 år,2025,M,33,14324.0,14.32,8480
Kule,kule_7_26kg,"7,26kg",Senior,2013,M,64,14785.0,14.79,11040
Kule,kule_7_26kg,"7,26kg",Senior,2014,M,57,14444.0,14.44,10610
Kule,kule_7_26kg,"7,26kg",Senior,2015,M,72,14868.0,14.87,10670
Kule,kule_7_26kg,"7,26kg",Senior,2016,M,47,15409.0,15.41,9980
Kule,kule_7_26kg,"7,26kg",Senior,2017,M,54,15026.0,15.03,9470
Kule,kule_7_26kg,"7,26kg",Senior,2018,M,54,15425.0,15.43,9740
Kule,kule_7_26kg,"7,26kg",Senior,2019,M,49,15406.0,15.41,9570
Kule,kule_7_26kg,"7,26kg",Senior,2020,M,45,15591.0,15.59,10090
Kule,kule_7_26kg,"7,26kg",Senior,2021,M,42,15262.0,15.26,9210
Kule,kule_7_26kg,"7,26kg",Senior,2022,M,45,15403.0,15.40,9600
Kule,kule_7_26kg,"7,26kg",Senior,2023,M,53,15198.0,15.20,9440
Kule,kule_7_26kg,"7,26kg",Senior,2024,M,52,15965.0,15.96,10280
Kule,kule_7_26kg,"7,26kg",Senior,2025,M,55,15441.0,15.44,10950
Spyd,spyd_400g,400g,13 år,2013,F,132,32511.0,32.51,23910
Spyd,spyd_400g,400g,13 år,2014,F,127,32432.0,32.43,23690
Spyd,spyd_400g,400g,13 år,2015,F,135,33374.0,33.37,23540
Spyd,spyd_400g,400g,13 år,2016,F,184,33735.0,33.73,23990
Spyd,spyd_400g,400g,13 år,2017,F,146,30794.0,30.79,23770
Spyd,spyd_400g,400g,13 år,2018,F,123,32110.0,32.11,21670
Spyd,spyd_400g,400g,13 år,2019,F,86,31229.0,31.23,20760
Spyd,spyd_400g,400g,13 år,2020,F,69,29106.0,29.11,19950
Spyd,spyd_400g,400g,13 år,2021,F,71,27893.0,27.89,18440
Spyd,spyd_400g,400g,13 år,2022,F,102,27970.0,27.97,20960
Spyd,spyd_400g,400g,13 år,2023,F,79,28027.0,28.03,19590
Spyd,spyd_400g,400g,13 år,2024,F,97,26776.0,26.78,19790
Spyd,spyd_400g,400g,13 år,2025,F,100,28212.0,28.21,20010
Spyd,spyd_500g,500g,15 år,2013,F,7,24787.1,24.79,
Spyd,spyd_500g,500g,15 år,2014,F,45,36973.0,36.97,23030
Spyd,spyd_500g,500g,15 år,2015,F,50,36193.0,36.19,23300
Spyd,spyd_500g,500g,15 år,2016,F,65,35613.0,35.61,24990
Spyd,spyd_500g,500g,15 år,2017,F,77,36365.0,36.37,24730
Spyd,spyd_500g,500g,15 år,2018,F,82,36917.0,36.92,26860
Spyd,spyd_500g,500g,15 år,2019,F,71,33282.0,33.28,24270
Spyd,spyd_500g,500g,15 år,2020,F,42,37881.0,37.88,22070
Spyd,spyd_500g,500g,15 år,2021,F,22,35868.0,35.87,
Spyd,spyd_500g,500g,15 år,2022,F,43,34037.0,34.04,20120
Spyd,spyd_500g,500g,15 år,2023,F,51,34964.0,34.96,22470
Spyd,spyd_500g,500g,15 år,2024,F,66,31247.0,31.25,22680
Spyd,spyd_500g,500g,15 år,2025,F,39,31706.0,31.71,19760
Spyd,spyd_500g,500g,17 år,2013,F,16,36174.0,36.17,
Spyd,spyd_500g,500g,17 år,2014,F,23,36746.0,36.75,
Spyd,spyd_500g,500g,17 år,2015,F,18,39697.0,39.70,
Spyd,spyd_500g,500g,17 år,2016,F,28,40449.0,40.45,19750
Spyd,spyd_500g,500g,17 år,2017,F,26,36618.0,36.62,16460
Spyd,spyd_500g,500g,17 år,2018,F,28,37451.0,37.45,18510
Spyd,spyd_500g,500g,17 år,2019,F,32,38742.0,38.74,18410
Spyd,spyd_500g,500g,17 år,2020,F,30,39705.0,39.70,24850
Spyd,spyd_500g,500g,17 år,2021,F,28,34188.0,34.19,15790
Spyd,spyd_500g,500g,17 år,2022,F,20,39347.0,39.35,
Spyd,spyd_500g,500g,17 år,2023,F,17,31404.0,31.40,
Spyd,spyd_500g,500g,17 år,2024,F,21,34734.0,34.73,
Spyd,spyd_500g,500g,17 år,2025,F,15,35998.0,36.00,
Spyd,spyd_600g,600g,18/19 år,2013,F,31,44150.0,44.15,22050
Spyd,spyd_600g,600g,18/19 år,2014,F,28,45044.0,45.04,17160
Spyd,spyd_600g,600g,18/19 år,2015,F,31,41834.0,41.83,22640
Spyd,spyd_600g,600g,18/19 år,2016,F,26,39717.0,39.72,18250
Spyd,spyd_600g,600g,18/19 år,2017,F,32,44476.0,44.48,17880
Spyd,spyd_600g,600g,18/19 år,2018,F,31,41972.0,41.97,19180
Spyd,spyd_600g,600g,18/19 år,2019,F,33,39601.0,39.60,22710
Spyd,spyd_600g,600g,18/19 år,2020,F,30,36960.0,36.96,18270
Spyd,spyd_600g,600g,18/19 år,2021,F,33,36070.0,36.07,21450
Spyd,spyd_600g,600g,18/19 år,2022,F,32,38568.0,38.57,18260
Spyd,spyd_600g,600g,18/19 år,2023,F,28,40169.0,40.17,19020
Spyd,spyd_600g,600g,18/19 år,2024,F,27,39970.0,39.97,14770
Spyd,spyd_600g,600g,18/19 år,2025,F,23,35547.0,35.55,
Spyd,spyd_600g,600g,Senior,2013,F,37,48049.0,48.05,27440
Spyd,spyd_600g,600g,Senior,2014,F,31,48963.0,48.96,23580
Spyd,spyd_600g,600g,Senior,2015,F,46,50773.0,50.77,32380
Spyd,spyd_600g,600g,Senior,2016,F,41,50302.0,50.30,32600
Spyd,spyd_600g,600g,Senior,2017,F,39,50247.0,50.25,33200
Spyd,spyd_600g,600g,Senior,2018,F,36,52618.0,52.62,33130
Spyd,spyd_600g,600g,Senior,2019,F,31,53838.0,53.84,31340
Spyd,spyd_600g,600g,Senior,2020,F,34,49753.0,49.75,24870
Spyd,spyd_600g,600g,Senior,2021,F,36,53769.0,53.77,30910
Spyd,spyd_600g,600g,Senior,2022,F,33,52103.0,52.10,21490
Spyd,spyd_600g,600g,Senior,2023,F,43,51693.0,51.69,29760
Spyd,spyd_600g,600g,Senior,2024,F,38,52091.0,52.09,28180
Spyd,spyd_600g,600g,Senior,2025,F,36,49947.0,49.95,27020
Spyd,spyd_400g,400g,13 år,2013,M,146,40473.0,40.47,33940
Spyd,spyd_400g,400g,13 år,2014,M,132,42044.0,42.04,32500
Spyd,spyd_400g,400g,13 år,2015,M,126,39803.0,39.80,30350
Spyd,spyd_400g,400g,13 år,2016,M,123,38993.0,38.99,28750
Spyd,spyd_400g,400g,13 år,2017,M,130,40704.0,40.70,28890
Spyd,spyd_400g,400g,13 år,2018,M,97,36475.0,36.48,27530
Spyd,spyd_400g,400g,13 år,2019,M,114,35795.0,35.80,27780
Spyd,spyd_400g,400g,13 år,2020,M,67,36394.0,36.39,24330
Spyd,spyd_400g,400g,13 år,2021,M,95,32889.0,32.89,25250
Spyd,spyd_400g,400g,13 år,2022,M,96,34164.0,34.16,26060
Spyd,spyd_400g,400g,13 år,2023,M,81,35096.0,35.10,25210
Spyd,spyd_400g,400g,13 år,2024,M,88,34296.0,34.30,26010
Spyd,spyd_400g,400g,13 år,2025,M,92,36175.0,36.17,26800
Spyd,spyd_600g,600g,15 år,2013,M,65,50404.0,50.40,35610
Spyd,spyd_600g,600g,15 år,2014,M,50,46690.0,46.69,29500
Spyd,spyd_600g,600g,15 år,2015,M,63,49600.0,49.60,36010
Spyd,spyd_600g,600g,15 år,2016,M,66,50961.0,50.96,31440
Spyd,spyd_600g,600g,15 år,2017,M,61,48119.0,48.12,32590
Spyd,spyd_600g,600g,15 år,2018,M,48,45672.0,45.67,29880
Spyd,spyd_600g,600g,15 år,2019,M,54,50645.0,50.65,33030
Spyd,spyd_600g,600g,15 år,2020,M,42,46255.0,46.26,27610
Spyd,spyd_600g,600g,15 år,2021,M,49,44257.0,44.26,31330
Spyd,spyd_600g,600g,15 år,2022,M,26,42047.0,42.05,17740
Spyd,spyd_600g,600g,15 år,2023,M,46,42046.0,42.05,27540
Spyd,spyd_600g,600g,15 år,2024,M,43,41663.0,41.66,27520
Spyd,spyd_600g,600g,15 år,2025,M,44,43707.0,43.71,26460
Spyd,spyd_700g,700g,17 år,2013,M,41,51906.0,51.91,36560
Spyd,spyd_700g,700g,17 år,2014,M,33,51217.0,51.22,27580
Spyd,spyd_700g,700g,17 år,2015,M,25,54907.0,54.91,21890
Spyd,spyd_700g,700g,17 år,2016,M,34,49490.0,49.49,23500
Spyd,spyd_700g,700g,17 år,2017,M,26,52776.0,52.78,21510
Spyd,spyd_700g,700g,17 år,2018,M,26,54369.0,54.37,26640
Spyd,spyd_700g,700g,17 år,2019,M,25,54730.0,54.73,15610
Spyd,spyd_700g,700g,17 år,2020,M,17,40935.0,40.94,
Spyd,spyd_700g,700g,17 år,2021,M,37,50161.0,50.16,30240
Spyd,spyd_700g,700g,17 år,2022,M,22,48460.0,48.46,
Spyd,spyd_700g,700g,17 år,2023,M,25,46064.0,46.06,13670
Spyd,spyd_700g,700g,17 år,2024,M,27,45278.0,45.28,21210
Spyd,spyd_700g,700g,17 år,2025,M,24,48389.0,48.39,
Spyd,spyd_800g,800g,18/19 år,2013,M,34,58454.0,58.45,35040
Spyd,spyd_800g,800g,18/19 år,2014,M,57,54775.0,54.77,41110
Spyd,spyd_800g,800g,18/19 år,2015,M,33,52204.0,52.20,31780
Spyd,spyd_800g,800g,18/19 år,2016,M,40,56166.0,56.17,31540
Spyd,spyd_800g,800g,18/19 år,2017,M,33,60301.0,60.30,30170
Spyd,spyd_800g,800g,18/19 år,2018,M,32,53939.0,53.94,32060
Spyd,spyd_800g,800g,18/19 år,2019,M,35,56203.0,56.20,31350
Spyd,spyd_800g,800g,18/19 år,2020,M,27,60332.0,60.33,28420
Spyd,spyd_800g,800g,18/19 år,2021,M,26,56656.0,56.66,21660
Spyd,spyd_800g,800g,18/19 år,2022,M,32,48980.0,48.98,26660
Spyd,spyd_800g,800g,18/19 år,2023,M,39,53633.0,53.63,34840
Spyd,spyd_800g,800g,18/19 år,2024,M,28,51036.0,51.04,23580
Spyd,spyd_800g,800g,18/19 år,2025,M,29,52329.0,52.33,26850
Spyd,spyd_800g,800g,Senior,2013,M,68,67275.0,67.28,47720
Spyd,spyd_800g,800g,Senior,2014,M,53,70792.0,70.79,48220
Spyd,spyd_800g,800g,Senior,2015,M,54,66244.0,66.24,43630
Spyd,spyd_800g,800g,Senior,2016,M,50,64552.0,64.55,43060
Spyd,spyd_800g,800g,Senior,2017,M,53,62189.0,62.19,44320
Spyd,spyd_800g,800g,Senior,2018,M,41,65664.0,65.66,38150
Spyd,spyd_800g,800g,Senior,2019,M,47,67647.0,67.65,36090
Spyd,spyd_800g,800g,Senior,2020,M,36,66289.0,66.29,40200
Spyd,spyd_800g,800g,Senior,2021,M,41,64517.0,64.52,38720
Spyd,spyd_800g,800g,Senior,2022,M,46,65765.0,65.77,41990
Spyd,spyd_800g,800g,Senior,2023,M,55,66763.0,66.76,37810
Spyd,spyd_800g,800g,Senior,2024,M,45,67107.0,67.11,38540
Spyd,spyd_800g,800g,Senior,2025,M,50,67665.0,67.67,42730
Diskos,diskos_600g,600g,13 år,2013,F,65,24368.0,24.37,18880
Diskos,diskos_600g,600g,13 år,2014,F,82,28067.0,28.07,20880
Diskos,diskos_600g,600g,13 år,2015,F,68,31393.0,31.39,19680
Diskos,diskos_600g,600g,13 år,2016,F,108,27795.0,27.80,21880
Diskos,diskos_600g,600g,13 år,2017,F,87,27594.0,27.59,20100
Diskos,diskos_600g,600g,13 år,2018,F,75,32315.0,32.31,20480
Diskos,diskos_600g,600g,13 år,2019,F,45,26513.0,26.51,17560
Diskos,diskos_600g,600g,13 år,2020,F,51,26479.0,26.48,16340
Diskos,diskos_600g,600g,13 år,2021,F,45,24028.0,24.03,16340
Diskos,diskos_600g,600g,13 år,2022,F,62,22793.0,22.79,18310
Diskos,diskos_600g,600g,13 år,2023,F,42,25638.0,25.64,17300
Diskos,diskos_600g,600g,13 år,2024,F,55,26014.0,26.01,17480
Diskos,diskos_600g,600g,13 år,2025,F,64,24528.0,24.53,17550
Diskos,diskos_750g,750g,15 år,2013,F,34,32327.0,32.33,18170
Diskos,diskos_750g,750g,15 år,2014,F,34,34158.0,34.16,18520
Diskos,diskos_750g,750g,15 år,2015,F,31,30449.0,30.45,19970
Diskos,diskos_750g,750g,15 år,2016,F,42,33246.0,33.25,20460
Diskos,diskos_750g,750g,15 år,2017,F,43,36739.0,36.74,17010
Diskos,diskos_750g,750g,15 år,2018,F,52,30987.0,30.99,19480
Diskos,diskos_750g,750g,15 år,2019,F,43,32465.0,32.47,21900
Diskos,diskos_750g,750g,15 år,2020,F,30,34022.0,34.02,17500
Diskos,diskos_750g,750g,15 år,2021,F,25,31246.0,31.25,10300
Diskos,diskos_750g,750g,15 år,2022,F,22,31014.0,31.01,
Diskos,diskos_750g,750g,15 år,2023,F,26,27869.0,27.87,15000
Diskos,diskos_750g,750g,15 år,2024,F,49,27441.0,27.44,18940
Diskos,diskos_750g,750g,15 år,2025,F,21,27181.0,27.18,
Diskos,diskos_1kg,1kg,17 år,2013,F,18,31028.0,31.03,
Diskos,diskos_1kg,1kg,17 år,2014,F,17,30258.0,30.26,
Diskos,diskos_1kg,1kg,17 år,2015,F,18,32194.0,32.19,
Diskos,diskos_1kg,1kg,17 år,2016,F,17,30887.0,30.89,
Diskos,diskos_1kg,1kg,17 år,2017,F,21,28802.0,28.80,
Diskos,diskos_1kg,1kg,17 år,2018,F,21,31756.0,31.76,
Diskos,diskos_1kg,1kg,17 år,2019,F,19,36767.0,36.77,
Diskos,diskos_1kg,1kg,17 år,2020,F,30,30052.0,30.05,15310
Diskos,diskos_1kg,1kg,17 år,2021,F,24,33014.0,33.01,
Diskos,diskos_1kg,1kg,17 år,2022,F,15,30404.0,30.40,
Diskos,diskos_1kg,1kg,17 år,2023,F,14,28273.0,28.27,
Diskos,diskos_1kg,1kg,17 år,2024,F,11,25864.0,25.86,
Diskos,diskos_1kg,1kg,17 år,2025,F,12,27585.0,27.59,
Diskos,diskos_1kg,1kg,18/19 år,2013,F,23,35581.0,35.58,
Diskos,diskos_1kg,1kg,18/19 år,2014,F,28,37736.0,37.74,17680
Diskos,diskos_1kg,1kg,18/19 år,2015,F,19,35318.0,35.32,
Diskos,diskos_1kg,1kg,18/19 år,2016,F,19,36342.0,36.34,
Diskos,diskos_1kg,1kg,18/19 år,2017,F,23,31137.0,31.14,
Diskos,diskos_1kg,1kg,18/19 år,2018,F,22,31889.0,31.89,
Diskos,diskos_1kg,1kg,18/19 år,2019,F,19,32926.0,32.93,
Diskos,diskos_1kg,1kg,18/19 år,2020,F,17,40668.0,40.67,
Diskos,diskos_1kg,1kg,18/19 år,2021,F,27,41031.0,41.03,15890
Diskos,diskos_1kg,1kg,18/19 år,2022,F,18,34101.0,34.10,
Diskos,diskos_1kg,1kg,18/19 år,2023,F,26,38991.0,38.99,15130
Diskos,diskos_1kg,1kg,18/19 år,2024,F,16,37099.0,37.10,
Diskos,diskos_1kg,1kg,18/19 år,2025,F,19,33708.0,33.71,
Diskos,diskos_1kg,1kg,Senior,2013,F,29,39847.0,39.85,18060
Diskos,diskos_1kg,1kg,Senior,2014,F,25,41542.0,41.54,17350
Diskos,diskos_1kg,1kg,Senior,2015,F,36,41209.0,41.21,22690
Diskos,diskos_1kg,1kg,Senior,2016,F,34,43941.0,43.94,25060
Diskos,diskos_1kg,1kg,Senior,2017,F,36,41248.0,41.25,23600
Diskos,diskos_1kg,1kg,Senior,2018,F,38,44019.0,44.02,25850
Diskos,diskos_1kg,1kg,Senior,2019,F,23,43359.0,43.36,
Diskos,diskos_1kg,1kg,Senior,2020,F,29,40375.0,40.38,17620
Diskos,diskos_1kg,1kg,Senior,2021,F,26,42532.0,42.53,14650
Diskos,diskos_1kg,1kg,Senior,2022,F,33,49249.0,49.25,24040
Diskos,diskos_1kg,1kg,Senior,2023,F,25,45812.0,45.81,15350
Diskos,diskos_1kg,1kg,Senior,2024,F,34,46890.0,46.89,22770
Diskos,diskos_1kg,1kg,Senior,2025,F,29,47355.0,47.35,17050
Diskos,diskos_750g,750g,13 år,2013,M,82,30945.0,30.95,22160
Diskos,diskos_750g,750g,13 år,2014,M,74,34904.0,34.90,23100
Diskos,diskos_750g,750g,13 år,2015,M,75,32851.0,32.85,22130
Diskos,diskos_750g,750g,13 år,2016,M,66,33335.0,33.34,21690
Diskos,diskos_750g,750g,13 år,2017,M,86,34868.0,34.87,23610
Diskos,diskos_750g,750g,13 år,2018,M,58,30792.0,30.79,21420
Diskos,diskos_750g,750g,13 år,2019,M,68,31892.0,31.89,22510
Diskos,diskos_750g,750g,13 år,2020,M,38,30601.0,30.60,18620
Diskos,diskos_750g,750g,13 år,2021,M,52,29073.0,29.07,17920
Diskos,diskos_750g,750g,13 år,2022,M,66,28988.0,28.99,21900
Diskos,diskos_750g,750g,13 år,2023,M,55,31001.0,31.00,18990
Diskos,diskos_750g,750g,13 år,2024,M,66,29010.0,29.01,20200
Diskos,diskos_750g,750g,13 år,2025,M,67,30097.0,30.10,21600
Diskos,diskos_1kg,1kg,15 år,2013,M,38,45823.0,45.82,24630
Diskos,diskos_1kg,1kg,15 år,2014,M,35,39926.0,39.93,21460
Diskos,diskos_1kg,1kg,15 år,2015,M,38,40959.0,40.96,26850
Diskos,diskos_1kg,1kg,15 år,2016,M,44,40744.0,40.74,27810
Diskos,diskos_1kg,1kg,15 år,2017,M,37,40541.0,40.54,22590
Diskos,diskos_1kg,1kg,15 år,2018,M,40,46906.0,46.91,25700
Diskos,diskos_1kg,1kg,15 år,2019,M,50,46429.0,46.43,28110
Diskos,diskos_1kg,1kg,15 år,2020,M,37,43101.0,43.10,24620
Diskos,diskos_1kg,1kg,15 år,2021,M,42,43089.0,43.09,27010
Diskos,diskos_1kg,1kg,15 år,2022,M,34,38344.0,38.34,20760
Diskos,diskos_1kg,1kg,15 år,2023,M,36,39474.0,39.47,26420
Diskos,diskos_1kg,1kg,15 år,2024,M,37,36720.0,36.72,24150
Diskos,diskos_1kg,1kg,15 år,2025,M,37,41283.0,41.28,24260
Diskos,diskos_1_5kg,"1,5kg",17 år,2013,M,24,40863.0,40.86,
Diskos,diskos_1_5kg,"1,5kg",17 år,2014,M,17,35546.0,35.55,
Diskos,diskos_1_5kg,"1,5kg",17 år,2015,M,21,42946.0,42.95,
Diskos,diskos_1_5kg,"1,5kg",17 år,2016,M,23,37259.0,37.26,
Diskos,diskos_1_5kg,"1,5kg",17 år,2017,M,22,38780.0,38.78,
Diskos,diskos_1_5kg,"1,5kg",17 år,2018,M,21,40337.0,40.34,
Diskos,diskos_1_5kg,"1,5kg",17 år,2019,M,18,37965.0,37.97,
Diskos,diskos_1_5kg,"1,5kg",17 år,2020,M,13,42237.0,42.24,
Diskos,diskos_1_5kg,"1,5kg",17 år,2021,M,32,44629.0,44.63,25340
Diskos,diskos_1_5kg,"1,5kg",17 år,2022,M,15,38762.0,38.76,
Diskos,diskos_1_5kg,"1,5kg",17 år,2023,M,20,43747.0,43.75,
Diskos,diskos_1_5kg,"1,5kg",17 år,2024,M,17,35703.0,35.70,
Diskos,diskos_1_5kg,"1,5kg",17 år,2025,M,20,38927.0,38.93,
Diskos,diskos_1_75kg,"1,75kg",18/19 år,2013,M,21,41431.0,41.43,
Diskos,diskos_1_75kg,"1,75kg",18/19 år,2014,M,38,47071.0,47.07,26830
Diskos,diskos_1_75kg,"1,75kg",18/19 år,2015,M,21,43010.0,43.01,
Diskos,diskos_1_75kg,"1,75kg",18/19 år,2016,M,17,43874.0,43.87,
Diskos,diskos_1_75kg,"1,75kg",18/19 år,2017,M,20,42223.0,42.22,
Diskos,diskos_1_75kg,"1,75kg",18/19 år,2018,M,19,39461.0,39.46,
Diskos,diskos_1_75kg,"1,75kg",18/19 år,2019,M,20,40780.0,40.78,
Diskos,diskos_1_75kg,"1,75kg",18/19 år,2020,M,17,42328.0,42.33,
Diskos,diskos_1_75kg,"1,75kg",18/19 år,2021,M,21,44147.0,44.15,
Diskos,diskos_1_75kg,"1,75kg",18/19 år,2022,M,22,47754.0,47.75,
Diskos,diskos_1_75kg,"1,75kg",18/19 år,2023,M,28,46267.0,46.27,22270
Diskos,diskos_1_75kg,"1,75kg",18/19 år,2024,M,24,45066.0,45.07,
Diskos,diskos_1_75kg,"1,75kg",18/19 år,2025,M,24,44554.0,44.55,
Diskos,diskos_2kg,2kg,Senior,2013,M,55,50064.0,50.06,34080
Diskos,diskos_2kg,2kg,Senior,2014,M,56,48343.0,48.34,33920
Diskos,diskos_2kg,2kg,Senior,2015,M,55,50467.0,50.47,32400
Diskos,diskos_2kg,2kg,Senior,2016,M,44,52111.0,52.11,30650
Diskos,diskos_2kg,2kg,Senior,2017,M,46,50503.0,50.50,28860
Diskos,diskos_2kg,2kg,Senior,2018,M,41,52378.0,52.38,25470
Diskos,diskos_2kg,2kg,Senior,2019,M,48,51140.0,51.14,32720
Diskos,diskos_2kg,2kg,Senior,2020,M,44,51029.0,51.03,34060
Diskos,diskos_2kg,2kg,Senior,2021,M,39,51826.0,51.83,31270
Diskos,diskos_2kg,2kg,Senior,2022,M,45,51585.0,51.59,29280
Diskos,diskos_2kg,2kg,Senior,2023,M,47,53439.0,53.44,28360
Diskos,diskos_2kg,2kg,Senior,2024,M,50,53310.0,53.31,34560
Diskos,diskos_2kg,2kg,Senior,2025,M,60,52441.0,52.44,36710
Slegge,slegge_20kg/110cm,2kg,13 år,2013,F,59,30026.0,30.03,21100
Slegge,slegge_20kg/110cm,2kg,13 år,2014,F,55,33254.0,33.25,22370
Slegge,slegge_20kg/110cm,2kg,13 år,2015,F,48,34832.0,34.83,20650
Slegge,slegge_20kg/110cm,2kg,13 år,2016,F,74,35929.0,35.93,25020
Slegge,slegge_20kg/110cm,2kg,13 år,2017,F,61,34917.0,34.92,24590
Slegge,slegge_20kg/110cm,2kg,13 år,2018,F,55,35870.0,35.87,24060
Slegge,slegge_20kg/110cm,2kg,13 år,2019,F,35,32053.0,32.05,17060
Slegge,slegge_20kg/110cm,2kg,13 år,2020,F,36,33853.0,33.85,18130
Slegge,slegge_20kg/110cm,2kg,13 år,2021,F,36,31551.0,31.55,19760
Slegge,slegge_20kg/110cm,2kg,13 år,2022,F,56,32176.0,32.18,23190
Slegge,slegge_20kg/110cm,2kg,13 år,2023,F,48,35481.0,35.48,21590
Slegge,slegge_20kg/110cm,2kg,13 år,2024,F,57,31197.0,31.20,21150
Slegge,slegge_20kg/110cm,2kg,13 år,2025,F,53,33508.0,33.51,21690
Slegge,slegge_30kg_1195cm,3kg,15 år,2013,F,21,30020.0,30.02,
Slegge,slegge_30kg_1195cm,3kg,15 år,2014,F,20,38171.0,38.17,
Slegge,slegge_30kg_1195cm,3kg,15 år,2015,F,20,35266.0,35.27,
Slegge,slegge_30kg_1195cm,3kg,15 år,2016,F,32,38920.0,38.92,18300
Slegge,slegge_30kg_1195cm,3kg,15 år,2017,F,44,37229.0,37.23,21100
Slegge,slegge_30kg_1195cm,3kg,15 år,2018,F,47,41026.0,41.03,22520
Slegge,slegge_30kg_1195cm,3kg,15 år,2019,F,37,38323.0,38.32,20690
Slegge,slegge_30kg_1195cm,3kg,15 år,2020,F,20,42239.0,42.24,
Slegge,slegge_30kg_1195cm,3kg,15 år,2021,F,16,36982.0,36.98,
Slegge,slegge_30kg_1195cm,3kg,15 år,2022,F,22,36823.0,36.82,
Slegge,slegge_30kg_1195cm,3kg,15 år,2023,F,30,37240.0,37.24,20310
Slegge,slegge_30kg_1195cm,3kg,15 år,2024,F,45,41049.0,41.05,22370
Slegge,slegge_30kg_1195cm,3kg,15 år,2025,F,26,37813.0,37.81,17510
Slegge,slegge_30kg_1195cm,3kg,17 år,2013,F,6,46660.0,46.66,
Slegge,slegge_30kg_1195cm,3kg,17 år,2014,F,10,36014.0,36.01,
Slegge,slegge_30kg_1195cm,3kg,17 år,2015,F,7,40884.3,40.88,
Slegge,slegge_30kg_1195cm,3kg,17 år,2016,F,12,41790.0,41.79,
Slegge,slegge_30kg_1195cm,3kg,17 år,2017,F,15,37369.0,37.37,
Slegge,slegge_30kg_1195cm,3kg,17 år,2018,F,14,44060.0,44.06,
Slegge,slegge_30kg_1195cm,3kg,17 år,2019,F,13,40851.0,40.85,
Slegge,slegge_30kg_1195cm,3kg,17 år,2020,F,16,48330.0,48.33,
Slegge,slegge_30kg_1195cm,3kg,17 år,2021,F,16,43628.0,43.63,
Slegge,slegge_30kg_1195cm,3kg,17 år,2022,F,11,40099.0,40.10,
Slegge,slegge_30kg_1195cm,3kg,17 år,2023,F,8,45383.8,45.38,
Slegge,slegge_30kg_1195cm,3kg,17 år,2024,F,11,39126.0,39.13,
Slegge,slegge_30kg_1195cm,3kg,17 år,2025,F,17,47003.0,47.00,
Slegge,slegge_40kg/1195cm,4kg,18/19 år,2013,F,16,40780.0,40.78,
Slegge,slegge_40kg/1195cm,4kg,18/19 år,2014,F,19,44761.0,44.76,
Slegge,slegge_40kg/1195cm,4kg,18/19 år,2015,F,15,44750.0,44.75,
Slegge,slegge_40kg/1195cm,4kg,18/19 år,2016,F,13,39206.0,39.21,
Slegge,slegge_40kg/1195cm,4kg,18/19 år,2017,F,12,36087.0,36.09,
Slegge,slegge_40kg/1195cm,4kg,18/19 år,2018,F,12,35863.0,35.86,
Slegge,slegge_40kg/1195cm,4kg,18/19 år,2019,F,14,38098.0,38.10,
Slegge,slegge_40kg/1195cm,4kg,18/19 år,2020,F,16,45071.0,45.07,
Slegge,slegge_40kg/1195cm,4kg,18/19 år,2021,F,16,47855.0,47.85,
Slegge,slegge_40kg/1195cm,4kg,18/19 år,2022,F,16,48354.0,48.35,
Slegge,slegge_40kg/1195cm,4kg,18/19 år,2023,F,13,43167.0,43.17,
Slegge,slegge_40kg/1195cm,4kg,18/19 år,2024,F,16,44167.0,44.17,
Slegge,slegge_40kg/1195cm,4kg,18/19 år,2025,F,15,45414.0,45.41,
Slegge,slegge_40kg/1195cm,4kg,Senior,2013,F,21,51588.0,51.59,
Slegge,slegge_40kg/1195cm,4kg,Senior,2014,F,26,57844.0,57.84,30500
Slegge,slegge_40kg/1195cm,4kg,Senior,2015,F,27,58436.0,58.44,24510
Slegge,slegge_40kg/1195cm,4kg,Senior,2016,F,31,58798.0,58.80,31660
Slegge,slegge_40kg/1195cm,4kg,Senior,2017,F,27,58169.0,58.17,24230
Slegge,slegge_40kg/1195cm,4kg,Senior,2018,F,26,55773.0,55.77,13900
Slegge,slegge_40kg/1195cm,4kg,Senior,2019,F,23,53867.0,53.87,
Slegge,slegge_40kg/1195cm,4kg,Senior,2020,F,15,47807.0,47.81,
Slegge,slegge_40kg/1195cm,4kg,Senior,2021,F,20,51572.0,51.57,
Slegge,slegge_40kg/1195cm,4kg,Senior,2022,F,16,51937.0,51.94,
Slegge,slegge_40kg/1195cm,4kg,Senior,2023,F,27,55842.0,55.84,30890
Slegge,slegge_40kg/1195cm,4kg,Senior,2024,F,28,57439.0,57.44,31260
Slegge,slegge_40kg/1195cm,4kg,Senior,2025,F,28,56441.0,56.44,31940
Slegge,slegge_30kg_1195cm,3kg,13 år,2013,M,33,32332.0,32.33,17560
Slegge,slegge_30kg_1195cm,3kg,13 år,2014,M,42,35944.0,35.94,20060
Slegge,slegge_30kg_1195cm,3kg,13 år,2015,M,32,28481.0,28.48,13740
Slegge,slegge_30kg_1195cm,3kg,13 år,2016,M,53,32849.0,32.85,20220
Slegge,slegge_30kg_1195cm,3kg,13 år,2017,M,58,30946.0,30.95,22990
Slegge,slegge_30kg_1195cm,3kg,13 år,2018,M,45,31227.0,31.23,19930
Slegge,slegge_30kg_1195cm,3kg,13 år,2019,M,51,30931.0,30.93,19620
Slegge,slegge_30kg_1195cm,3kg,13 år,2020,M,32,28333.0,28.33,14830
Slegge,slegge_30kg_1195cm,3kg,13 år,2021,M,49,28549.0,28.55,19790
Slegge,slegge_30kg_1195cm,3kg,13 år,2022,M,48,29633.0,29.63,19030
Slegge,slegge_30kg_1195cm,3kg,13 år,2023,M,30,28919.0,28.92,13160
Slegge,slegge_30kg_1195cm,3kg,13 år,2024,M,45,26760.0,26.76,16860
Slegge,slegge_30kg_1195cm,3kg,13 år,2025,M,47,33229.0,33.23,18160
Slegge,slegge_40kg/1195cm,4kg,15 år,2013,M,21,42007.0,42.01,
Slegge,slegge_40kg/1195cm,4kg,15 år,2014,M,13,31471.0,31.47,
Slegge,slegge_40kg/1195cm,4kg,15 år,2015,M,22,44867.0,44.87,
Slegge,slegge_40kg/1195cm,4kg,15 år,2016,M,18,40882.0,40.88,
Slegge,slegge_40kg/1195cm,4kg,15 år,2017,M,19,38195.0,38.20,
Slegge,slegge_40kg/1195cm,4kg,15 år,2018,M,31,42677.0,42.68,18930
Slegge,slegge_40kg/1195cm,4kg,15 år,2019,M,27,45965.0,45.97,20750
Slegge,slegge_40kg/1195cm,4kg,15 år,2020,M,15,43432.0,43.43,
Slegge,slegge_40kg/1195cm,4kg,15 år,2021,M,25,43170.0,43.17,14210
Slegge,slegge_40kg/1195cm,4kg,15 år,2022,M,17,37891.0,37.89,
Slegge,slegge_40kg/1195cm,4kg,15 år,2023,M,17,40289.0,40.29,
Slegge,slegge_40kg/1195cm,4kg,15 år,2024,M,13,35476.0,35.48,
Slegge,slegge_40kg/1195cm,4kg,15 år,2025,M,15,36515.0,36.52,
Slegge,slegge_50kg/120cm,5kg,17 år,2013,M,7,45641.4,45.64,
Slegge,slegge_50kg/120cm,5kg,17 år,2014,M,8,29786.3,29.79,
Slegge,slegge_50kg/120cm,5kg,17 år,2015,M,7,43285.7,43.29,
Slegge,slegge_50kg/120cm,5kg,17 år,2016,M,7,32580.0,32.58,
Slegge,slegge_50kg/120cm,5kg,17 år,2017,M,14,45916.0,45.92,
Slegge,slegge_50kg/120cm,5kg,17 år,2018,M,6,46573.3,46.57,
Slegge,slegge_50kg/120cm,5kg,17 år,2019,M,10,29676.0,29.68,
Slegge,slegge_50kg/120cm,5kg,17 år,2020,M,4,45865.0,45.87,
Slegge,slegge_50kg/120cm,5kg,17 år,2021,M,19,48473.0,48.47,
Slegge,slegge_50kg/120cm,5kg,17 år,2022,M,12,41662.0,41.66,
Slegge,slegge_50kg/120cm,5kg,17 år,2023,M,15,46997.0,47.00,
Slegge,slegge_50kg/120cm,5kg,17 år,2024,M,8,38716.3,38.72,
Slegge,slegge_50kg/120cm,5kg,17 år,2025,M,7,45604.3,45.60,
Slegge,slegge_60kg/1215cm,6kg,18/19 år,2013,M,8,47002.5,47.00,
Slegge,slegge_60kg/1215cm,6kg,18/19 år,2014,M,14,55552.0,55.55,
Slegge,slegge_60kg/1215cm,6kg,18/19 år,2015,M,9,47192.2,47.19,
Slegge,slegge_60kg/1215cm,6kg,18/19 år,2016,M,8,36287.5,36.29,
Slegge,slegge_60kg/1215cm,6kg,18/19 år,2017,M,5,47504.0,47.50,
Slegge,slegge_60kg/1215cm,6kg,18/19 år,2018,M,9,44442.2,44.44,
Slegge,slegge_60kg/1215cm,6kg,18/19 år,2019,M,13,50784.0,50.78,
Slegge,slegge_60kg/1215cm,6kg,18/19 år,2020,M,9,35134.4,35.13,
Slegge,slegge_60kg/1215cm,6kg,18/19 år,2021,M,7,33700.0,33.70,
Slegge,slegge_60kg/1215cm,6kg,18/19 år,2022,M,11,51008.0,51.01,
Slegge,slegge_60kg/1215cm,6kg,18/19 år,2023,M,16,54410.0,54.41,
Slegge,slegge_60kg/1215cm,6kg,18/19 år,2024,M,15,45967.0,45.97,
Slegge,slegge_60kg/1215cm,6kg,18/19 år,2025,M,11,45596.0,45.60,
Slegge,slegge_726kg/1215cm,"7,26kg",Senior,2013,M,25,55941.0,55.94,17750
Slegge,slegge_726kg/1215cm,"7,26kg",Senior,2014,M,30,57172.0,57.17,23440
Slegge,slegge_726kg/1215cm,"7,26kg",Senior,2015,M,23,58915.0,58.91,
Slegge,slegge_726kg/1215cm,"7,26kg",Senior,2016,M,24,60624.0,60.62,
Slegge,slegge_726kg/1215cm,"7,26kg",Senior,2017,M,28,62449.0,62.45,20800
Slegge,slegge_726kg/1215cm,"7,26kg",Senior,2018,M,27,60539.0,60.54,15050
Slegge,slegge_726kg/1215cm,"7,26kg",Senior,2019,M,27,61116.0,61.12,16000
Slegge,slegge_726kg/1215cm,"7,26kg",Senior,2020,M,25,63045.0,63.05,11580
Slegge,slegge_726kg/1215cm,"7,26kg",Senior,2021,M,21,64334.0,64.33,
Slegge,slegge_726kg/1215cm,"7,26kg",Senior,2022,M,18,58359.0,58.36,
Slegge,slegge_726kg/1215cm,"7,26kg",Senior,2023,M,19,60182.0,60.18,
Slegge,slegge_726kg/1215cm,"7,26kg",Senior,2024,M,20,61724.0,61.72,
Slegge,slegge_726kg/1215cm,"7,26kg",Senior,2025,M,20,59244.0,59.24,
Sprinthekk,60mh_76_2cm,"60m/76,2",13 år,2013,F,100,1017.4,10.17,1100
Sprinthekk,60mh_76_2cm,"60m/76,2",13 år,2014,F,93,990.2,9.90,1079
Sprinthekk,60mh_76_2cm,"60m/76,2",13 år,2015,F,91,1001.0,10.01,1099
Sprinthekk,60mh_76_2cm,"60m/76,2",13 år,2016,F,108,991.4,9.91,1087
Sprinthekk,60mh_76_2cm,"60m/76,2",13 år,2017,F,87,1004.8,10.05,1118
Sprinthekk,60mh_76_2cm,"60m/76,2",13 år,2018,F,92,1018.6,10.19,1100
Sprinthekk,60mh_76_2cm,"60m/76,2",13 år,2019,F,76,997.7,9.98,1132
Sprinthekk,60mh_76_2cm,"60m/76,2",13 år,2020,F,58,1007.0,10.07,1161
Sprinthekk,60mh_76_2cm,"60m/76,2",13 år,2021,F,50,1040.0,10.40,1198
Sprinthekk,60mh_76_2cm,"60m/76,2",13 år,2022,F,88,1022.3,10.22,1113
Sprinthekk,60mh_76_2cm,"60m/76,2",13 år,2023,F,80,1002.8,10.03,1121
Sprinthekk,60mh_76_2cm,"60m/76,2",13 år,2024,F,36,1054.6,10.55,1274
Sprinthekk,60mh_76_2cm,"60m/76,2",13 år,2025,F,3,1114.0,11.14,
Sprinthekk,80mh_76_2cm,"80m/76,2",15 år,2013,F,36,1229.1,12.29,1483
Sprinthekk,80mh_76_2cm,"80m/76,2",15 år,2014,F,31,1237.9,12.38,1429
Sprinthekk,80mh_76_2cm,"80m/76,2",15 år,2015,F,29,1245.8,12.46,1514
Sprinthekk,80mh_76_2cm,"80m/76,2",15 år,2016,F,37,1210.2,12.10,1366
Sprinthekk,80mh_76_2cm,"80m/76,2",15 år,2017,F,37,1244.7,12.45,1477
Sprinthekk,80mh_76_2cm,"80m/76,2",15 år,2018,F,36,1215.9,12.16,1422
Sprinthekk,80mh_76_2cm,"80m/76,2",15 år,2019,F,35,1255.1,12.55,1423
Sprinthekk,80mh_76_2cm,"80m/76,2",15 år,2020,F,30,1249.2,12.49,1402
Sprinthekk,80mh_76_2cm,"80m/76,2",15 år,2021,F,34,1231.1,12.31,1524
Sprinthekk,80mh_76_2cm,"80m/76,2",15 år,2022,F,26,1243.8,12.44,1695
Sprinthekk,80mh_76_2cm,"80m/76,2",15 år,2023,F,24,1271.5,12.71,
Sprinthekk,80mh_76_2cm,"80m/76,2",15 år,2024,F,35,1245.0,12.45,1525
Sprinthekk,80mh_76_2cm,"80m/76,2",15 år,2025,F,28,1224.0,12.24,1667
Sprinthekk,100mh_76_2cm,"100m/76,2",17 år,2013,F,11,1517.4,15.17,
Sprinthekk,100mh_76_2cm,"100m/76,2",17 år,2014,F,12,1581.7,15.82,
Sprinthekk,100mh_76_2cm,"100m/76,2",17 år,2015,F,9,1535.3,15.35,
Sprinthekk,100mh_76_2cm,"100m/76,2",17 år,2016,F,20,1441.0,14.41,
Sprinthekk,100mh_76_2cm,"100m/76,2",17 år,2017,F,17,1512.9,15.13,
Sprinthekk,100mh_76_2cm,"100m/76,2",17 år,2018,F,19,1436.5,14.37,
Sprinthekk,100mh_76_2cm,"100m/76,2",17 år,2019,F,23,1487.5,14.88,
Sprinthekk,100mh_76_2cm,"100m/76,2",17 år,2020,F,13,1479.8,14.80,
Sprinthekk,100mh_76_2cm,"100m/76,2",17 år,2021,F,18,1554.9,15.55,
Sprinthekk,100mh_76_2cm,"100m/76,2",17 år,2022,F,13,1533.2,15.33,
Sprinthekk,100mh_76_2cm,"100m/76,2",17 år,2023,F,9,1555.0,15.55,
Sprinthekk,100mh_76_2cm,"100m/76,2",17 år,2024,F,12,1484.6,14.85,
Sprinthekk,100mh_76_2cm,"100m/76,2",17 år,2025,F,14,1582.4,15.82,
Sprinthekk,100mh_84cm,100m/84,18/19 år,2013,F,17,1469.8,14.70,
Sprinthekk,100mh_84cm,100m/84,18/19 år,2014,F,19,1476.8,14.77,
Sprinthekk,100mh_84cm,100m/84,18/19 år,2015,F,13,1516.8,15.17,
Sprinthekk,100mh_84cm,100m/84,18/19 år,2016,F,11,1510.4,15.10,
Sprinthekk,100mh_84cm,100m/84,18/19 år,2017,F,22,1438.9,14.39,
Sprinthekk,100mh_84cm,100m/84,18/19 år,2018,F,22,1453.0,14.53,
Sprinthekk,100mh_84cm,100m/84,18/19 år,2019,F,18,1456.6,14.57,
Sprinthekk,100mh_84cm,100m/84,18/19 år,2020,F,12,1473.4,14.73,
Sprinthekk,100mh_84cm,100m/84,18/19 år,2021,F,14,1420.0,14.20,
Sprinthekk,100mh_84cm,100m/84,18/19 år,2022,F,15,1500.5,15.01,
Sprinthekk,100mh_84cm,100m/84,18/19 år,2023,F,14,1474.7,14.75,
Sprinthekk,100mh_84cm,100m/84,18/19 år,2024,F,14,1447.8,14.48,
Sprinthekk,100mh_84cm,100m/84,18/19 år,2025,F,11,1484.8,14.85,
Sprinthekk,100mh_84cm,100m/84,Senior,2013,F,21,1382.9,13.83,
Sprinthekk,100mh_84cm,100m/84,Senior,2014,F,22,1383.7,13.84,
Sprinthekk,100mh_84cm,100m/84,Senior,2015,F,17,1377.8,13.78,
Sprinthekk,100mh_84cm,100m/84,Senior,2016,F,16,1378.2,13.78,
Sprinthekk,100mh_84cm,100m/84,Senior,2017,F,16,1410.0,14.10,
Sprinthekk,100mh_84cm,100m/84,Senior,2018,F,12,1424.8,14.25,
Sprinthekk,100mh_84cm,100m/84,Senior,2019,F,16,1406.0,14.06,
Sprinthekk,100mh_84cm,100m/84,Senior,2020,F,9,1437.4,14.37,
Sprinthekk,100mh_84cm,100m/84,Senior,2021,F,20,1377.5,13.78,
Sprinthekk,100mh_84cm,100m/84,Senior,2022,F,16,1379.7,13.80,
Sprinthekk,100mh_84cm,100m/84,Senior,2023,F,18,1354.6,13.55,
Sprinthekk,100mh_84cm,100m/84,Senior,2024,F,19,1366.2,13.66,
Sprinthekk,100mh_84cm,100m/84,Senior,2025,F,23,1340.8,13.41,
Sprinthekk,60mh_76_2cm,"60m/76,2",13 år,2013,M,71,1014.9,10.15,1100
Sprinthekk,60mh_76_2cm,"60m/76,2",13 år,2014,M,64,951.2,9.51,1170
Sprinthekk,60mh_76_2cm,"60m/76,2",13 år,2015,M,54,1001.9,10.02,1127
Sprinthekk,60mh_76_2cm,"60m/76,2",13 år,2016,M,63,984.3,9.84,1093
Sprinthekk,60mh_76_2cm,"60m/76,2",13 år,2017,M,63,991.5,9.91,1147
Sprinthekk,60mh_76_2cm,"60m/76,2",13 år,2018,M,66,965.8,9.66,1064
Sprinthekk,60mh_76_2cm,"60m/76,2",13 år,2019,M,65,1000.7,10.01,1106
Sprinthekk,60mh_76_2cm,"60m/76,2",13 år,2020,M,48,1001.3,10.01,1140
Sprinthekk,60mh_76_2cm,"60m/76,2",13 år,2021,M,63,996.9,9.97,1117
Sprinthekk,60mh_76_2cm,"60m/76,2",13 år,2022,M,55,983.3,9.83,1129
Sprinthekk,60mh_76_2cm,"60m/76,2",13 år,2023,M,69,1004.8,10.05,1144
Sprinthekk,60mh_76_2cm,"60m/76,2",13 år,2024,M,58,994.8,9.95,1133
Sprinthekk,60mh_76_2cm,"60m/76,2",13 år,2025,M,64,998.8,9.99,1112
Sprinthekk,100mh_84cm,100m/84,15 år,2013,M,2,1540.0,15.40,
Sprinthekk,100mh_84cm,100m/84,15 år,2014,M,15,1506.3,15.06,
Sprinthekk,100mh_84cm,100m/84,15 år,2015,M,16,1507.7,15.08,
Sprinthekk,100mh_84cm,100m/84,15 år,2016,M,27,1405.3,14.05,2047
Sprinthekk,100mh_84cm,100m/84,15 år,2017,M,21,1477.9,14.78,
Sprinthekk,100mh_84cm,100m/84,15 år,2018,M,18,1462.4,14.62,
Sprinthekk,100mh_84cm,100m/84,15 år,2019,M,15,1566.0,15.66,
Sprinthekk,100mh_84cm,100m/84,15 år,2020,M,22,1430.7,14.31,
Sprinthekk,100mh_84cm,100m/84,15 år,2021,M,23,1463.7,14.64,
Sprinthekk,100mh_84cm,100m/84,15 år,2022,M,26,1448.8,14.49,2247
Sprinthekk,100mh_84cm,100m/84,15 år,2023,M,25,1466.9,14.67,2010
Sprinthekk,100mh_84cm,100m/84,15 år,2024,M,21,1424.5,14.24,
Sprinthekk,100mh_84cm,100m/84,15 år,2025,M,20,1547.5,15.47,
Sprinthekk,110mh_91_4cm,"110m/91,4",17 år,2013,M,10,1554.6,15.55,
Sprinthekk,110mh_91_4cm,"110m/91,4",17 år,2014,M,6,1597.5,15.97,
Sprinthekk,110mh_91_4cm,"110m/91,4",17 år,2015,M,4,1603.3,16.03,
Sprinthekk,110mh_91_4cm,"110m/91,4",17 år,2016,M,14,1633.5,16.34,
Sprinthekk,110mh_91_4cm,"110m/91,4",17 år,2017,M,11,1683.7,16.84,
Sprinthekk,110mh_91_4cm,"110m/91,4",17 år,2018,M,11,1574.1,15.74,
Sprinthekk,110mh_91_4cm,"110m/91,4",17 år,2019,M,11,1569.4,15.69,
Sprinthekk,110mh_91_4cm,"110m/91,4",17 år,2020,M,10,1578.5,15.79,
Sprinthekk,110mh_91_4cm,"110m/91,4",17 år,2021,M,16,1559.4,15.59,
Sprinthekk,110mh_91_4cm,"110m/91,4",17 år,2022,M,9,1577.4,15.77,
Sprinthekk,110mh_91_4cm,"110m/91,4",17 år,2023,M,11,1511.2,15.11,
Sprinthekk,110mh_91_4cm,"110m/91,4",17 år,2024,M,12,1523.7,15.24,
Sprinthekk,110mh_91_4cm,"110m/91,4",17 år,2025,M,10,1626.6,16.27,
Sprinthekk,110mh_100cm,110m/100,18/19 år,2013,M,13,1585.7,15.86,
Sprinthekk,110mh_100cm,110m/100,18/19 år,2014,M,12,1572.4,15.72,
Sprinthekk,110mh_100cm,110m/100,18/19 år,2015,M,10,1657.7,16.58,
Sprinthekk,110mh_100cm,110m/100,18/19 år,2016,M,7,1572.4,15.72,
Sprinthekk,110mh_100cm,110m/100,18/19 år,2017,M,10,1548.8,15.49,
Sprinthekk,110mh_100cm,110m/100,18/19 år,2018,M,10,1624.0,16.24,
Sprinthekk,110mh_100cm,110m/100,18/19 år,2019,M,13,1520.6,15.21,
Sprinthekk,110mh_100cm,110m/100,18/19 år,2020,M,10,1521.4,15.21,
Sprinthekk,110mh_100cm,110m/100,18/19 år,2021,M,10,1631.7,16.32,
Sprinthekk,110mh_100cm,110m/100,18/19 år,2022,M,9,1569.3,15.69,
Sprinthekk,110mh_100cm,110m/100,18/19 år,2023,M,11,1571.3,15.71,
Sprinthekk,110mh_100cm,110m/100,18/19 år,2024,M,15,1434.5,14.35,
Sprinthekk,110mh_100cm,110m/100,18/19 år,2025,M,18,1467.7,14.68,
Sprinthekk,110mh_106_7cm,"110m/106,7",Senior,2013,M,12,1585.2,15.85,
Sprinthekk,110mh_106_7cm,"110m/106,7",Senior,2014,M,8,1573.8,15.74,
Sprinthekk,110mh_106_7cm,"110m/106,7",Senior,2015,M,9,1628.6,16.29,
Sprinthekk,110mh_106_7cm,"110m/106,7",Senior,2016,M,7,1688.4,16.88,
Sprinthekk,110mh_106_7cm,"110m/106,7",Senior,2017,M,15,1654.3,16.54,
Sprinthekk,110mh_106_7cm,"110m/106,7",Senior,2018,M,6,1551.2,15.51,
Sprinthekk,110mh_106_7cm,"110m/106,7",Senior,2019,M,10,1751.8,17.52,
Sprinthekk,110mh_106_7cm,"110m/106,7",Senior,2020,M,10,1689.6,16.90,
Sprinthekk,110mh_106_7cm,"110m/106,7",Senior,2021,M,10,1556.0,15.56,
Sprinthekk,110mh_106_7cm,"110m/106,7",Senior,2022,M,14,1496.2,14.96,
Sprinthekk,110mh_106_7cm,"110m/106,7",Senior,2023,M,15,1588.4,15.88,
Sprinthekk,110mh_106_7cm,"110m/106,7",Senior,2024,M,12,1547.3,15.47,
Sprinthekk,110mh_106_7cm,"110m/106,7",Senior,2025,M,15,1505.8,15.06,
