kjerne,klubb_stor,res_stor,ar_stor,klubb_liten,res_liten,ar_liten,felles_utovere,overlappende_ar,id_stor,id_liten,handling,nytt_navn
lye il,Lye IL,3004,2000-2026,Lye Idrettslag,672,2012-2026,24,ja,c15ae6ce-2b53-45aa-9af2-5908ad0e2830,4e7416f7-4c28-4edd-bbb5-458a94d73cd7,,
il skjalg,Idrettslaget Skjalg,35163,1955-2026,IL Skjalg,572,1938-2021,107,ja,26b2476b-1204-4494-ab1e-65a49f2ec3aa,7347e910-cbe8-456a-8219-cb45a7eaac48,,
il dalebrand,IL Dalebrand,833,1958-2026,Idrettslaget Dalebrand,272,2013-2026,32,ja,2b1c2378-d768-4feb-99fa-b568807a5f5f,a45d8c4f-f926-439e-8a1f-f5b6d6fe7c2b,,
torvastad il,Torvastad IL,1082,1988-2026,Torvastad Idrettslag,151,2012-2023,19,ja,d9d986cd-a2c4-40b4-9652-e658747cae7c,bd5d1029-5252-4dfc-8327-f5b7bb3cce60,,
bergens tf,Bergens Turnforening,17249,1935-2026,Bergens TF,114,1934-2020,21,ja,98a06e5a-1111-40e6-8a8c-244a94cc9e85,42020874-b128-4125-8be6-e5d8bc0d8dde,,
torvikbukt il,Torvikbukt IL,416,1987-2025,Torvikbukt Idrettslag,98,2013-2026,11,ja,6c08db7f-db00-4dac-8c06-31b4741a5305,fdb1e07a-cf41-4e4a-a5db-a0bf1b6d9db0,,
lorenskog fil,Lørenskog Friidrettslag,8348,1973-2026,Lørenskog FIL,73,1963-2017,12,ja,342ebd81-1680-4b8d-8f16-d5292f32a008,6e8b3eb8-b338-467e-9ab4-e51daa8bbdb6,,
ik grane,Idrettsklubben Grane,7960,1952-2026,IK Grane,69,1931-2012,9,ja,bd63982a-2e60-41fc-bca9-cc7cd3e710ad,3b584a75-8235-42eb-a3de-9f945d70f870,,
gloppen fil,Gloppen Friidrettslag,3939,1986-2026,Gloppen FIL,65,1990-2012,14,ja,23776162-6674-488a-9502-ddececb4f472,c9646230-3fa4-4771-af4d-f042131449f4,,
os tf,Os Turnforening,7169,1955-2026,Os TF,35,1982-2012,3,ja,322ebfa5-1cda-4691-8e7c-bad759fbdbe7,b5d18f0b-e59d-4786-a4c6-0438319c8a5e,,
leksvik il,Leksvik IL,112,1960-2025,Leksvik Il,31,2013-2025,4,ja,c0351746-74ef-4ed1-9ad0-46ee7a262d37,f50a6b3b-ee8f-41b7-b5e0-aede6d297143,,
mosjoen il,Mosjøen Idrettslag,592,2019-2026,Mosjøen IL,30,1959-1984,0,nei,11bbbfc2-4eb7-4c5f-a812-228154da6bbb,7af9a182-dc3f-4147-8e06-54bfd3a7cbfe,,
il skade,Idrettslaget Skade,81,1978-2026,IL Skade,13,1966-1998,1,ja,c7d41db7-f556-420c-9b89-ecca0ada3305,99f3b408-d656-41c4-b160-6598d635c50d,,
vadso tf,Vadsø Turnforening,1565,2011-2025,Vadsø TF,11,1957-1996,0,nei,88f0c3ff-3fa3-4653-b168-d033a028f233,62462893-c967-4033-8a1b-71a3b770932e,,
il ilar,Idrettslaget Ilar,863,2006-2026,IL Ilar,9,2002-2008,1,ja,6964b797-cd21-4f5a-ac4b-d44515f89bb9,84885b2b-24a9-4b80-bf0f-7ed1b13621e3,,
velledalen il,Velledalen IL,74,2011-2025,Velledalen Idrettslag,7,2012-2026,4,ja,27533281-c90a-403e-8d08-b9595cebc5f5,2d9509b4-80b2-43e2-998a-6563ad81caa3,,
alesunds il,Aalesunds IL,38,1929-1970,Ålesunds IL,6,1961-1988,0,ja,9554633e-f675-4231-a97f-68d0169b7530,9f99b1b9-eb38-4966-8dac-d2609f8e1ab5,,
il holevaringen,Idrettslaget Holeværingen,9,2017-2019,IL Holeværingen,3,1976-1977,0,nei,c2378fc6-22a7-4c01-a464-025622a68e17,becd8285-c2c7-4038-ae82-1ca758482d19,,
molde fk,Molde FK,4,2016-2016,Molde Fotballklubb,3,2026-2026,0,nei,ee92da3a-1b7c-461a-a567-e4e677c60e48,d5d1c99a-e185-4d73-b8ca-e3dca14dab3b,,
oslo politis il,Oslo Politis IL,531,1930-2026,Oslo Politis Idrettslag,2,2012-2012,2,ja,d01d5372-e5bf-435f-be40-aca20db147c5,0b873525-d1f5-468b-9d14-85df032d1751,,
gol il,Gol IL,9,1974-2020,Gol Idrettslag,2,2019-2020,2,ja,23fb9e10-f516-49f8-b8ed-0fe32955a6b2,d1ae2b3f-6e3c-4144-95fc-1572a8d2d20f,,
vollan ik,Vollan Idrettsklubb,1765,2007-2026,Vollan IK,2,1985-2005,2,nei,9841498b-b39e-42b9-8912-f6c50a435f22,26b803b4-ad8b-4f82-a3cc-c017e6ec0377,,
sandnes ak,Sandnes Atletklubb,6,1979-1979,Sandnes AK,2,1979-1979,1,ja,a79d816e-ae9a-4c37-be95-066bf525bb8f,4457e216-49be-4fe6-af95-72d570634727,,
sk nessegutten,Sportsklubben Nessegutten,6,1979-2024,SK Nessegutten,2,1978-1981,1,ja,aea987b6-d730-4637-9651-bbbe34ee2b45,811ed176-1714-4349-8b44-276e4545d5ad,,
il ornar,IL Ørnar,5,1969-1986,Idrettslaget Ørnar,2,2016-2023,0,nei,bc25aec5-7b71-451f-b973-001ab9349a90,b2ba0541-5f48-4640-99f0-9a9a4f74912e,,
kristiansands if,Kristiansands IF,287,1927-2013,Kristiansaands IF,1,1989-1989,0,ja,0babc298-c823-40ac-b3ea-715f973298cf,09eeb4b3-bfd2-47b6-82a5-e27eee3564bc,,
kristiansand lk,Kristiansand Løpeklubb,1196,2014-2026,Kristiansand LK,1,2017-2017,1,ja,2687fc01-dcda-44fe-ac47-a8e551c768fe,0d6f55bf-f9ee-4624-8692-72ba182a383a,,
il asguten,IL Aasguten,155,2012-2026,IL Åsguten,1,1964-1964,0,nei,6fd5ab8e-4cd7-4855-b5e9-0bfe145d0933,3819f484-af96-448b-8e88-f3e1e269e3e3,,
algard il,Ålgard IL,3,2015-2026,Ålgard Idrettslag,1,2015-2015,1,ja,529e5657-afa9-445a-b885-ec0358f5af79,b54a9228-1f9e-431e-8f59-8598cef8fd43,,
